<?xml version="1.0" encoding="UTF-8"?>
<metadata xml:lang="en"><Esri><CreaDate>20110907</CreaDate><CreaTime>06551100</CreaTime><ArcGISFormat>1.0</ArcGISFormat><SyncOnce>TRUE</SyncOnce><DataProperties><lineage><Process Name="Extract by Mask" ToolSource="C:\Program Files (x86)\ArcGIS\Desktop10.0\ArcToolbox\Toolboxes\Spatial Analyst Tools.tbx\ExtractByMask" Date="20110907" Time="065511">ExtractByMask tmin_feb tmax_jul C:\Users\Jeff\Dropbox\SpatiaLabs\WNV_lab\Delivered\WNV_data\raster\tmin_febclip</Process></lineage></DataProperties></Esri></metadata>
