<?xml version="1.0" encoding="ISO-8859-1"?>
<!DOCTYPE metadata SYSTEM "http://www.fgdc.gov/metadata/fgdc-std-001-1998.dtd">
<metadata>
	<idinfo>
		<citation>
			<citeinfo>
				<origin>New York City Department of Health and Mental Hygiene</origin>
				<pubdate>2008</pubdate>
				<title Sync="TRUE">CHS_2008_UHF_34_DOHMH_2009</title>
				<edition>2008</edition>
				<geoform Sync="TRUE">vector digital data</geoform>
				<othercit>New York City Department of Health and Mental Hygiene. Epiquery: NYC Interactive Health Data System. [DATE VIEWED HERE]. http://nyc.gov/health/epiquery</othercit>
				<onlink>x</onlink>
				<ftname Sync="TRUE">CHS_2008_UHF_34_DOHMH_2009</ftname></citeinfo>
		</citation>
		<descript>
			<abstract>PLEASE NOTE: Zeros should be interpreted as null values. This data includes supplemental information necessary for correct interpretation, available in the attribute detail of this document.  

Provides United Hospital Fund boundaries and age-adjusted rates for a number of health topics covering the following health topics: general health status, health care access, cardiovascular health, diabetes, asthma, immunizations, mental health, smoking, second-hand smoke, obesity, commuting patterns, physical activity, cancer screening, HIV, sexual behavior, birth control, drug use, and domestic violence.</abstract>
			<purpose>CHS 2008 had 51 select survey measures, covering the following health topics: general physical and mental health; depression; access to health care; weight, exercise, nutrition; chronic conditions; cancer screening; cigarette smoking and alcohol; asthma; domestic violence; HIV testing, sexual orientation and behavior; vaccination; and pets.</purpose>
			<supplinf>Survey Data on the Health of New Yorkers

The New York City Community Health Survey (CHS) is a telephone survey conducted annually by the DOHMH, Division of Epidemiology, Bureau of Epidemiology Services. CHS provides robust data on the health of New Yorkers, including neighborhood, borough and citywide estimates on a broad range of chronic diseases and behavioral risk factors.

CHS is based upon the National Behavioral Risk Factor Surveillance System (BRFSS), conducted by the Centers for Disease Control and Prevention. The CHS is a cross-sectional survey that samples approximately 10,000 adults aged 18 and older from all five boroughs of New York City - Manhattan, Brooklyn, Queens, Bronx, and Staten Island. A computer-assisted telephone interviewing (CATI) system is used to collect survey data, and interviews are conducted in a variety of different languages. All data collected are self-report.

The survey results are analyzed and disseminated in order to influence health program decisions, to increase the understanding of the relationship between health behavior and health status, and to support health policy positions.

For more information, please see: http://www.nyc.gov/html/doh/html/survey/survey.shtml</supplinf>
			<langdata Sync="TRUE">en</langdata></descript>
		<timeperd>
			<timeinfo>
				<sngdate>
					<caldate>2008</caldate>
				</sngdate>
			</timeinfo>
			<current>2008</current>
		</timeperd>
		<status>
			<progress>Complete</progress>
			<update>As needed</update>
		</status>
		<spdom>
			<bounding>
				<westbc Sync="TRUE">-74.257465</westbc>
				<eastbc Sync="TRUE">-73.699477</eastbc>
				<northbc Sync="TRUE">40.915808</northbc>
				<southbc Sync="TRUE">40.495805</southbc>
			</bounding>
			<lboundng><leftbc Sync="TRUE">913090.772311</leftbc><rightbc Sync="TRUE">1067309.915623</rightbc><bottombc Sync="TRUE">120053.530072</bottombc><topbc Sync="TRUE">272932.041574</topbc></lboundng></spdom>
		<keywords>
			<theme>
				<themekt>DOHMH</themekt>
				<themekey>New York City</themekey>
				<themekey>health</themekey>
				<themekey>Community Health Survey</themekey>
				<themekey>indicator</themekey>
				<themekey>2008</themekey>
			</theme>
		</keywords>
		<accconst>Please see: http://www.nyc.gov/html/doh/html/survey/survey.shtml</accconst>
		<useconst>Map titles, notes, and footnotes should correspond with supplemental information provided in separate XLS spreadsheet for CHS year. Map variables are reported with one decimal. Zeros represent null values and should be interpreted as null values.   Varialbes flagged as unreliable (i.e. Aircon2_r = 1) should be marked / hatched on the map as unreliable.  Variables flagged as suppressed (i.e. Aircon2_s = 1) should appear as having no data (i.e. blank areas) on the map.</useconst>
		<ptcontac>
			<cntinfo>
				<cntorgp>
					<cntorg>Bureau of Epi Services, NYC Dept. Health and Mental Hygiene</cntorg>
				</cntorgp>
				<cntaddr>
					<address>125 Worth Street</address>
					<city>New York</city>
					<state>NY</state>
					<postal>10013</postal>
					<country>US</country>
					<addrtype>mailing and physical address</addrtype></cntaddr>
				<cntvoice>212-788-4219</cntvoice>
			</cntinfo>
		</ptcontac>
		<datacred>Bureau Epidemiology Services, NYC DOHMH</datacred>
		<native Sync="TRUE">Microsoft Windows XP Version 5.1 (Build 2600) Service Pack 2; ESRI ArcCatalog 9.3.1.3000</native>
		<natvform Sync="TRUE">Shapefile</natvform></idinfo>
	<spdoinfo>
		<direct Sync="TRUE">Vector</direct>
		<ptvctinf>
			<sdtsterm Name="CHS_2008_UHF_34_DOHMH_2009">
				<sdtstype Sync="TRUE">G-polygon</sdtstype>
				<ptvctcnt Sync="TRUE">35</ptvctcnt>
			</sdtsterm>
			<esriterm Name="CHS_2008_UHF_34_DOHMH_2009"><efeatyp Sync="TRUE">Simple</efeatyp><efeageom Sync="TRUE">Polygon</efeageom><esritopo Sync="TRUE">FALSE</esritopo><efeacnt Sync="TRUE">35</efeacnt><spindex Sync="TRUE">TRUE</spindex><linrefer Sync="TRUE">FALSE</linrefer></esriterm></ptvctinf>
	</spdoinfo>
	<spref>
		<horizsys>
			<planar>
				<planci>
					<plance Sync="TRUE">coordinate pair</plance>
					<coordrep>
						<absres Sync="TRUE">0.000000</absres>
						<ordres Sync="TRUE">0.000000</ordres>
					</coordrep>
					<plandu Sync="TRUE">survey feet</plandu>
				</planci>
				<mapproj><mapprojn Sync="TRUE">Lambert Conformal Conic</mapprojn><lambertc><stdparll Sync="TRUE">40.666667</stdparll><stdparll Sync="TRUE">41.033333</stdparll><longcm Sync="TRUE">-74.000000</longcm><latprjo Sync="TRUE">40.166667</latprjo><feast Sync="TRUE">984250.000000</feast><fnorth Sync="TRUE">0.000000</fnorth></lambertc></mapproj></planar>
			<geodetic>
				<horizdn Sync="TRUE">North American Datum of 1983</horizdn>
				<ellips Sync="TRUE">Geodetic Reference System 80</ellips>
				<semiaxis Sync="TRUE">6378137.000000</semiaxis>
				<denflat Sync="TRUE">298.257222</denflat>
			</geodetic>
			<cordsysn><geogcsn Sync="TRUE">GCS_North_American_1983</geogcsn><projcsn Sync="TRUE">NAD_1983_StatePlane_New_York_Long_Island_FIPS_3104_Feet</projcsn></cordsysn></horizsys>
	</spref>
	<eainfo>
		<detailed Name="CHS_2008_UHF_34_DOHMH_2009">
			<enttyp>
				<enttypl Sync="TRUE">CHS_2008_UHF_34_DOHMH_2009</enttypl>
				<enttypd>Community Health Survey variables (age-adjusted)</enttypd>
				<enttypds>Most health outcomes and behaviors are related to age. Epidemiologists use age adjustment to compare the attributes of two or more groups whose age distributions may be different.  For more infomration, visit http://www.nyc.gov/html/doh/html/episrv/episrv-faq-eq.shtml#11</enttypds>
				<enttypt Sync="TRUE">Feature Class</enttypt><enttypc Sync="TRUE">35</enttypc></enttyp>
			<attr>
				<attrlabl>FID</attrlabl>
				<attrdef>Internal feature number.</attrdef>
				<attrdefs>ESRI</attrdefs>
				<attrdomv>
					<udom>Sequential unique whole numbers that are automatically generated.</udom>
				</attrdomv>
				<attalias Sync="TRUE">FID</attalias><attrtype Sync="TRUE">OID</attrtype><attwidth Sync="TRUE">4</attwidth><atprecis Sync="TRUE">0</atprecis><attscale Sync="TRUE">0</attscale></attr>
			<attr>
				<attrlabl>Shape</attrlabl>
				<attrdef>Feature geometry.</attrdef>
				<attrdefs>ESRI</attrdefs>
				<attrdomv>
					<udom>Coordinates defining the features.</udom>
				</attrdomv>
				<attalias Sync="TRUE">Shape</attalias><attrtype Sync="TRUE">Geometry</attrtype><attwidth Sync="TRUE">0</attwidth><atprecis Sync="TRUE">0</atprecis><attscale Sync="TRUE">0</attscale></attr>
			<attr>
				<attrlabl>UHF34_CODE</attrlabl>
				<attrdef>UHF Code</attrdef>
				<attalias Sync="TRUE">UHF34_CODE</attalias><attrtype Sync="TRUE">Number</attrtype><attwidth Sync="TRUE">10</attwidth><attrdefs>United Hospital Fund Neighborhood Code</attrdefs></attr>
			<attr><attrlabl Sync="TRUE">FIRST_BORO</attrlabl><attalias Sync="TRUE">FIRST_BORO</attalias><attrtype Sync="TRUE">String</attrtype><attwidth Sync="TRUE">16</attwidth><attrdef>NYC Borough Name</attrdef></attr><attr><attrlabl Sync="TRUE">FIRST_UHF_</attrlabl><attalias Sync="TRUE">FIRST_UHF_</attalias><attrtype Sync="TRUE">String</attrtype><attwidth Sync="TRUE">50</attwidth><attrdef>United Hospital Fund Neighborhood Name</attrdef></attr><attr>
				<attrlabl>UHF_CODE</attrlabl>
				<attrdef>UHF Code</attrdef>
				<attalias Sync="TRUE">UHF_Code</attalias><attrtype Sync="TRUE">Double</attrtype><attwidth Sync="TRUE">16</attwidth><atprecis Sync="TRUE">15</atprecis><attscale Sync="TRUE">6</attscale></attr>
			<attr><attrlabl Sync="TRUE">asprin2</attrlabl><attalias Sync="TRUE">asprin2</attalias><attrtype Sync="TRUE">Number</attrtype><attwidth Sync="TRUE">16</attwidth><attrdef>Takes aspirin regularly for heart</attrdef><atnumdec Sync="TRUE">6</atnumdec></attr><attr><attrlabl Sync="TRUE">asprin2_r</attrlabl><attalias Sync="TRUE">asprin2_r</attalias><attrtype Sync="TRUE">Number</attrtype><attwidth Sync="TRUE">16</attwidth><attrdef>reliability indicator; 1 if UHF needs to be marked/hatched as unreliable, 0 otherwise</attrdef><atnumdec Sync="TRUE">6</atnumdec></attr><attr><attrlabl Sync="TRUE">asprin2_s</attrlabl><attalias Sync="TRUE">asprin2_s</attalias><attrtype Sync="TRUE">Number</attrtype><attwidth Sync="TRUE">16</attwidth><attrdef>suppression indicator; 1 if UHF needs to be suppressed/blanked, 0 otherwise</attrdef><atnumdec Sync="TRUE">6</atnumdec></attr><attr>
				<attrlabl>ASTHEV2</attrlabl>
				<attrdef>Asthma ever</attrdef>
				<attalias Sync="TRUE">asthev2</attalias><attrtype Sync="TRUE">Double</attrtype><attwidth Sync="TRUE">16</attwidth><atprecis Sync="TRUE">15</atprecis><attscale Sync="TRUE">6</attscale></attr>
			<attr>
				<attrlabl>ASTHEV2_R</attrlabl>
				<attrdef>reliability indicator; 1 if UHF needs to be marked/hatched as unreliable, 0 otherwise</attrdef>
				<attalias Sync="TRUE">asthev2_r</attalias><attrtype Sync="TRUE">Double</attrtype><attwidth Sync="TRUE">16</attwidth><atprecis Sync="TRUE">15</atprecis><attscale Sync="TRUE">6</attscale></attr>
			<attr>
				<attrlabl>ASTHEV2_S</attrlabl>
				<attrdef>suppression indicator; 1 if UHF needs to be suppressed/blanked, 0 otherwise</attrdef>
				<attalias Sync="TRUE">asthev2_s</attalias><attrtype Sync="TRUE">Double</attrtype><attwidth Sync="TRUE">16</attwidth><atprecis Sync="TRUE">15</atprecis><attscale Sync="TRUE">6</attscale></attr>
			<attr>
				<attrlabl>BMICAT3</attrlabl>
				<attrdef>Obesity</attrdef>
				<attalias Sync="TRUE">bmicat3</attalias><attrtype Sync="TRUE">Double</attrtype><attwidth Sync="TRUE">16</attwidth><atprecis Sync="TRUE">15</atprecis><attscale Sync="TRUE">6</attscale><attrvai><attrva>Noted</attrva><attrvae>Obesity is based on Body Mass Index (BMI), calculated from self-reported weight and height.  A BMI of 30 or greater is classified as obese.</attrvae></attrvai></attr>
			<attr>
				<attrlabl>BMICAT3_R</attrlabl>
				<attrdef>reliability indicator; 1 if UHF needs to be marked/hatched as unreliable, 0 otherwise</attrdef>
				<attalias Sync="TRUE">bmicat3_r</attalias><attrtype Sync="TRUE">Double</attrtype><attwidth Sync="TRUE">16</attwidth><atprecis Sync="TRUE">15</atprecis><attscale Sync="TRUE">6</attscale></attr>
			<attr>
				<attrlabl>BMICAT3_S</attrlabl>
				<attrdef>suppression indicator; 1 if UHF needs to be suppressed/blanked, 0 otherwise</attrdef>
				<attalias Sync="TRUE">bmicat3_s</attalias><attrtype Sync="TRUE">Double</attrtype><attwidth Sync="TRUE">16</attwidth><atprecis Sync="TRUE">15</atprecis><attscale Sync="TRUE">6</attscale></attr>
			<attr>
				<attrlabl>BPHIGH2</attrlabl>
				<attrdef>Ever told high blood pressure by medical provider</attrdef>
				<attalias Sync="TRUE">bphigh2</attalias><attrtype Sync="TRUE">Double</attrtype><attwidth Sync="TRUE">16</attwidth><atprecis Sync="TRUE">15</atprecis><attscale Sync="TRUE">6</attscale></attr>
			<attr>
				<attrlabl>BPHIGH2_R</attrlabl>
				<attrdef>reliability indicator; 1 if UHF needs to be marked/hatched as unreliable, 0 otherwise</attrdef>
				<attalias Sync="TRUE">bphigh2_r</attalias><attrtype Sync="TRUE">Double</attrtype><attwidth Sync="TRUE">16</attwidth><atprecis Sync="TRUE">15</atprecis><attscale Sync="TRUE">6</attscale></attr>
			<attr>
				<attrlabl>BPHIGH2_S</attrlabl>
				<attrdef>suppression indicator; 1 if UHF needs to be suppressed/blanked, 0 otherwise</attrdef>
				<attalias Sync="TRUE">bphigh2_s</attalias><attrtype Sync="TRUE">Double</attrtype><attwidth Sync="TRUE">16</attwidth><atprecis Sync="TRUE">15</atprecis><attscale Sync="TRUE">6</attscale></attr>
			<attr><attrlabl Sync="TRUE">chlmed2</attrlabl><attalias Sync="TRUE">chlmed2</attalias><attrtype Sync="TRUE">Number</attrtype><attwidth Sync="TRUE">16</attwidth><attrdef>Currently on cholesterol medication</attrdef><attrvai><attrva>Noted</attrva><attrvae>Results restricted to adults who had ever been told they had high cholesterol.</attrvae></attrvai><atnumdec Sync="TRUE">6</atnumdec></attr><attr><attrlabl Sync="TRUE">chlmed2_r</attrlabl><attalias Sync="TRUE">chlmed2_r</attalias><attrtype Sync="TRUE">Number</attrtype><attwidth Sync="TRUE">16</attwidth><attrdef>reliability indicator; 1 if UHF needs to be marked/hatched as unreliable, 0 otherwise</attrdef><atnumdec Sync="TRUE">6</atnumdec></attr><attr><attrlabl Sync="TRUE">chlmed2_s</attrlabl><attalias Sync="TRUE">chlmed2_s</attalias><attrtype Sync="TRUE">Number</attrtype><attwidth Sync="TRUE">16</attwidth><attrdef>suppression indicator; 1 if UHF needs to be suppressed/blanked, 0 otherwise</attrdef><atnumdec Sync="TRUE">6</atnumdec></attr><attr>
				<attrlabl>CHOLHI2</attrlabl>
				<attrdef>Ever told high cholesterol by medical provider</attrdef>
				<attalias Sync="TRUE">cholhi2</attalias><attrtype Sync="TRUE">Double</attrtype><attwidth Sync="TRUE">16</attwidth><atprecis Sync="TRUE">15</atprecis><attscale Sync="TRUE">6</attscale></attr>
			<attr>
				<attrlabl>CHOLHI2_R</attrlabl>
				<attrdef>reliability indicator; 1 if UHF needs to be marked/hatched as unreliable, 0 otherwise</attrdef>
				<attalias Sync="TRUE">cholhi2_r</attalias><attrtype Sync="TRUE">Double</attrtype><attwidth Sync="TRUE">16</attwidth><atprecis Sync="TRUE">15</atprecis><attscale Sync="TRUE">6</attscale></attr>
			<attr>
				<attrlabl>CHOLHI2_S</attrlabl>
				<attrdef>suppression indicator; 1 if UHF needs to be suppressed/blanked, 0 otherwise</attrdef>
				<attalias Sync="TRUE">cholhi2_s</attalias><attrtype Sync="TRUE">Double</attrtype><attwidth Sync="TRUE">16</attwidth><atprecis Sync="TRUE">15</atprecis><attscale Sync="TRUE">6</attscale></attr>
			<attr><attrlabl Sync="TRUE">cndmal2</attrlabl><attalias Sync="TRUE">cndmal2</attalias><attrtype Sync="TRUE">Number</attrtype><attwidth Sync="TRUE">16</attwidth><attrdef>Condom use at last sex</attrdef><attrvai><attrva>Noted</attrva><attrvae>Results restricted to adults with at least one sex partner in the past year.</attrvae></attrvai><atnumdec Sync="TRUE">6</atnumdec></attr><attr><attrlabl Sync="TRUE">cndmal2_r</attrlabl><attalias Sync="TRUE">cndmal2_r</attalias><attrtype Sync="TRUE">Number</attrtype><attwidth Sync="TRUE">16</attwidth><attrdef>reliability indicator; 1 if UHF needs to be marked/hatched as unreliable, 0 otherwise</attrdef><atnumdec Sync="TRUE">6</atnumdec></attr><attr><attrlabl Sync="TRUE">cndmal2_s</attrlabl><attalias Sync="TRUE">cndmal2_s</attalias><attrtype Sync="TRUE">Number</attrtype><attwidth Sync="TRUE">16</attwidth><attrdef>suppression indicator; 1 if UHF needs to be suppressed/blanked, 0 otherwise</attrdef><atnumdec Sync="TRUE">6</atnumdec></attr><attr>
				<attrlabl>COTEST2</attrlabl>
				<attrdef>Colon cancer screening (colonoscopy) in past 10 years</attrdef>
				<attrvai>
					<attrva>Noted</attrva>
					<attrvae>Results restricted to adults aged 50 and older.</attrvae>
				</attrvai>
				<attalias Sync="TRUE">cotest2</attalias><attrtype Sync="TRUE">Double</attrtype><attwidth Sync="TRUE">16</attwidth><atprecis Sync="TRUE">15</atprecis><attscale Sync="TRUE">6</attscale></attr>
			<attr>
				<attrlabl>COTEST2_R</attrlabl>
				<attrdef>reliability indicator; 1 if UHF needs to be marked/hatched as unreliable, 0 otherwise</attrdef>
				<attalias Sync="TRUE">cotest2_r</attalias><attrtype Sync="TRUE">Double</attrtype><attwidth Sync="TRUE">16</attwidth><atprecis Sync="TRUE">15</atprecis><attscale Sync="TRUE">6</attscale></attr>
			<attr>
				<attrlabl>COTEST2_S</attrlabl>
				<attrdef>suppression indicator; 1 if UHF needs to be suppressed/blanked, 0 otherwise</attrdef>
				<attalias Sync="TRUE">cotest2_s</attalias><attrtype Sync="TRUE">Double</attrtype><attwidth Sync="TRUE">16</attwidth><atprecis Sync="TRUE">15</atprecis><attscale Sync="TRUE">6</attscale></attr>
			<attr>
				<attrlabl>DEPRES2</attrlabl>
				<attrdef>History of depression</attrdef>
				<attalias Sync="TRUE">depres2</attalias><attrtype Sync="TRUE">Double</attrtype><attwidth Sync="TRUE">16</attwidth><atprecis Sync="TRUE">15</atprecis><attscale Sync="TRUE">6</attscale></attr>
			<attr>
				<attrlabl>DEPRES2_R</attrlabl>
				<attrdef>reliability indicator; 1 if UHF needs to be marked/hatched as unreliable, 0 otherwise</attrdef>
				<attalias Sync="TRUE">depres2_r</attalias><attrtype Sync="TRUE">Double</attrtype><attwidth Sync="TRUE">16</attwidth><atprecis Sync="TRUE">15</atprecis><attscale Sync="TRUE">6</attscale></attr>
			<attr>
				<attrlabl>DEPRES2_S</attrlabl>
				<attrdef>suppression indicator; 1 if UHF needs to be suppressed/blanked, 0 otherwise</attrdef>
				<attalias Sync="TRUE">depres2_s</attalias><attrtype Sync="TRUE">Double</attrtype><attwidth Sync="TRUE">16</attwidth><atprecis Sync="TRUE">15</atprecis><attscale Sync="TRUE">6</attscale></attr>
			<attr>
				<attrlabl>DIABET2</attrlabl>
				<attrdef>Diabetes ever</attrdef>
				<attrvai>
					<attrva>Noted</attrva>
					<attrvae>Women who had diabetes only while pregnant are not included in these prevalence estimates.</attrvae>
				</attrvai>
				<attalias Sync="TRUE">diabet2</attalias><attrtype Sync="TRUE">Double</attrtype><attwidth Sync="TRUE">16</attwidth><atprecis Sync="TRUE">15</atprecis><attscale Sync="TRUE">6</attscale></attr>
			<attr>
				<attrlabl>DIABET2_R</attrlabl>
				<attrdef>reliability indicator; 1 if UHF needs to be marked/hatched as unreliable, 0 otherwise</attrdef>
				<attalias Sync="TRUE">diabet2_r</attalias><attrtype Sync="TRUE">Double</attrtype><attwidth Sync="TRUE">16</attwidth><atprecis Sync="TRUE">15</atprecis><attscale Sync="TRUE">6</attscale></attr>
			<attr>
				<attrlabl>DIABET2_S</attrlabl>
				<attrdef>suppression indicator; 1 if UHF needs to be suppressed/blanked, 0 otherwise</attrdef>
				<attalias Sync="TRUE">diabet2_s</attalias><attrtype Sync="TRUE">Double</attrtype><attwidth Sync="TRUE">16</attwidth><atprecis Sync="TRUE">15</atprecis><attscale Sync="TRUE">6</attscale></attr>
			<attr><attrlabl Sync="TRUE">exercs2</attrlabl><attalias Sync="TRUE">exercs2</attalias><attrtype Sync="TRUE">Number</attrtype><attwidth Sync="TRUE">16</attwidth><attrdef>Any physical activity in the past month</attrdef><attrvai><attrva>Noted</attrva><attrvae>Physical activity includes exercises such as running, calisthenics, golf, gardening, or walking.</attrvae></attrvai><atnumdec Sync="TRUE">6</atnumdec></attr><attr><attrlabl Sync="TRUE">exercs2_r</attrlabl><attalias Sync="TRUE">exercs2_r</attalias><attrtype Sync="TRUE">Number</attrtype><attwidth Sync="TRUE">16</attwidth><attrdef>reliability indicator; 1 if UHF needs to be marked/hatched as unreliable, 0 otherwise</attrdef><atnumdec Sync="TRUE">6</atnumdec></attr><attr><attrlabl Sync="TRUE">exercs2_s</attrlabl><attalias Sync="TRUE">exercs2_s</attalias><attrtype Sync="TRUE">Number</attrtype><attwidth Sync="TRUE">16</attwidth><attrdef>suppression indicator; 1 if UHF needs to be suppressed/blanked, 0 otherwise</attrdef><atnumdec Sync="TRUE">6</atnumdec></attr><attr>
				<attrlabl>FLUSHT2</attrlabl>
				<attrdef>Flu vaccination in the past year</attrdef>
				<attrvai>
					<attrva>Noted.</attrva>
					<attrvae>Results restricted to adults aged 50 and older.</attrvae>
				</attrvai>
				<attalias Sync="TRUE">flusht2</attalias><attrtype Sync="TRUE">Double</attrtype><attwidth Sync="TRUE">16</attwidth><atprecis Sync="TRUE">15</atprecis><attscale Sync="TRUE">6</attscale></attr>
			<attr>
				<attrlabl>FLUSHT2_R</attrlabl>
				<attrdef>reliability indicator; 1 if UHF needs to be marked/hatched as unreliable, 0 otherwise</attrdef>
				<attalias Sync="TRUE">flusht2_r</attalias><attrtype Sync="TRUE">Double</attrtype><attwidth Sync="TRUE">16</attwidth><atprecis Sync="TRUE">15</atprecis><attscale Sync="TRUE">6</attscale></attr>
			<attr>
				<attrlabl>FLUSHT2_S</attrlabl>
				<attrdef>suppression indicator; 1 if UHF needs to be suppressed/blanked, 0 otherwise</attrdef>
				<attalias Sync="TRUE">flusht2_s</attalias><attrtype Sync="TRUE">Double</attrtype><attwidth Sync="TRUE">16</attwidth><atprecis Sync="TRUE">15</atprecis><attscale Sync="TRUE">6</attscale></attr>
			<attr><attrlabl Sync="TRUE">frtveg3</attrlabl><attalias Sync="TRUE">frtveg3</attalias><attrtype Sync="TRUE">Number</attrtype><attwidth Sync="TRUE">16</attwidth><attrdef>Lives within a five minute walk of fresh produce</attrdef><atnumdec Sync="TRUE">6</atnumdec></attr><attr><attrlabl Sync="TRUE">frtveg3_r</attrlabl><attalias Sync="TRUE">frtveg3_r</attalias><attrtype Sync="TRUE">Number</attrtype><attwidth Sync="TRUE">16</attwidth><attrdef>reliability indicator; 1 if UHF needs to be marked/hatched as unreliable, 0 otherwise</attrdef><atnumdec Sync="TRUE">6</atnumdec></attr><attr><attrlabl Sync="TRUE">frtveg3_s</attrlabl><attalias Sync="TRUE">frtveg3_s</attalias><attrtype Sync="TRUE">Number</attrtype><attwidth Sync="TRUE">16</attwidth><attrdef>suppression indicator; 1 if UHF needs to be suppressed/blanked, 0 otherwise</attrdef><atnumdec Sync="TRUE">6</atnumdec></attr><attr><attrlabl Sync="TRUE">fruitv3</attrlabl><attalias Sync="TRUE">fruitv3</attalias><attrtype Sync="TRUE">Number</attrtype><attwidth Sync="TRUE">16</attwidth><attrdef>Ate no fruits or vegetables yesterday</attrdef><atnumdec Sync="TRUE">6</atnumdec></attr><attr><attrlabl Sync="TRUE">fruitv3_r</attrlabl><attalias Sync="TRUE">fruitv3_r</attalias><attrtype Sync="TRUE">Number</attrtype><attwidth Sync="TRUE">16</attwidth><attrdef>reliability indicator; 1 if UHF needs to be marked/hatched as unreliable, 0 otherwise</attrdef><atnumdec Sync="TRUE">6</atnumdec></attr><attr><attrlabl Sync="TRUE">fruitv3_s</attrlabl><attalias Sync="TRUE">fruitv3_s</attalias><attrtype Sync="TRUE">Number</attrtype><attwidth Sync="TRUE">16</attwidth><attrdef>suppression indicator; 1 if UHF needs to be suppressed/blanked, 0 otherwise</attrdef><atnumdec Sync="TRUE">6</atnumdec></attr><attr>
				<attrlabl>GENHLT4</attrlabl>
				<attrdef>Fair or poor self-reported health</attrdef>
				<attalias Sync="TRUE">genhlt4</attalias><attrtype Sync="TRUE">Double</attrtype><attwidth Sync="TRUE">16</attwidth><atprecis Sync="TRUE">15</atprecis><attscale Sync="TRUE">6</attscale></attr>
			<attr>
				<attrlabl>GENHLT4_R</attrlabl>
				<attrdef>reliability indicator; 1 if UHF needs to be marked/hatched as unreliable, 0 otherwise</attrdef>
				<attalias Sync="TRUE">genhlt4_r</attalias><attrtype Sync="TRUE">Double</attrtype><attwidth Sync="TRUE">16</attwidth><atprecis Sync="TRUE">15</atprecis><attscale Sync="TRUE">6</attscale></attr>
			<attr>
				<attrlabl>GENHLT4_S</attrlabl>
				<attrdef>suppression indicator; 1 if UHF needs to be suppressed/blanked, 0 otherwise</attrdef>
				<attalias Sync="TRUE">genhlt4_s</attalias><attrtype Sync="TRUE">Double</attrtype><attwidth Sync="TRUE">16</attwidth><atprecis Sync="TRUE">15</atprecis><attscale Sync="TRUE">6</attscale></attr>
			<attr>
				<attrlabl>HIVTES3</attrlabl>
				<attrdef>HIV testing in the past year</attrdef>
				<attalias Sync="TRUE">hivtes3</attalias><attrtype Sync="TRUE">Double</attrtype><attwidth Sync="TRUE">16</attwidth><atprecis Sync="TRUE">15</atprecis><attscale Sync="TRUE">6</attscale></attr>
			<attr>
				<attrlabl>HIVTES3_R</attrlabl>
				<attrdef>reliability indicator; 1 if UHF needs to be marked/hatched as unreliable, 0 otherwise</attrdef>
				<attalias Sync="TRUE">hivtes3_r</attalias><attrtype Sync="TRUE">Double</attrtype><attwidth Sync="TRUE">16</attwidth><atprecis Sync="TRUE">15</atprecis><attscale Sync="TRUE">6</attscale></attr>
			<attr>
				<attrlabl>HIVTES3_S</attrlabl>
				<attrdef>suppression indicator; 1 if UHF needs to be suppressed/blanked, 0 otherwise</attrdef>
				<attalias Sync="TRUE">hivtes3_s</attalias><attrtype Sync="TRUE">Double</attrtype><attwidth Sync="TRUE">16</attwidth><atprecis Sync="TRUE">15</atprecis><attscale Sync="TRUE">6</attscale></attr>
			<attr>
				<attrlabl>INSURE5</attrlabl>
				<attrdef>Uninsured</attrdef>
				<attalias Sync="TRUE">insure5</attalias><attrtype Sync="TRUE">Double</attrtype><attwidth Sync="TRUE">16</attwidth><atprecis Sync="TRUE">15</atprecis><attscale Sync="TRUE">6</attscale></attr>
			<attr>
				<attrlabl>INSURE5_R</attrlabl>
				<attrdef>reliability indicator; 1 if UHF needs to be marked/hatched as unreliable, 0 otherwise</attrdef>
				<attalias Sync="TRUE">insure5_r</attalias><attrtype Sync="TRUE">Double</attrtype><attwidth Sync="TRUE">16</attwidth><atprecis Sync="TRUE">15</atprecis><attscale Sync="TRUE">6</attscale></attr>
			<attr>
				<attrlabl>INSURE5_S</attrlabl>
				<attrdef>suppression indicator; 1 if UHF needs to be suppressed/blanked, 0 otherwise</attrdef>
				<attalias Sync="TRUE">insure5_s</attalias><attrtype Sync="TRUE">Double</attrtype><attwidth Sync="TRUE">16</attwidth><atprecis Sync="TRUE">15</atprecis><attscale Sync="TRUE">6</attscale></attr>
			<attr>
				<attrlabl>MAMTWO2</attrlabl>
				<attrdef>Breast cancer screening (mammography) in past 2 years</attrdef>
				<attrvai>
					<attrva>Noted</attrva>
					<attrvae>Results restricted to women aged 40 and older.</attrvae>
				</attrvai>
				<attalias Sync="TRUE">mamtwo2</attalias><attrtype Sync="TRUE">Double</attrtype><attwidth Sync="TRUE">16</attwidth><atprecis Sync="TRUE">15</atprecis><attscale Sync="TRUE">6</attscale></attr>
			<attr>
				<attrlabl>MAMTWO2_R</attrlabl>
				<attrdef>reliability indicator; 1 if UHF needs to be marked/hatched as unreliable, 0 otherwise</attrdef>
				<attalias Sync="TRUE">mamtwo2_r</attalias><attrtype Sync="TRUE">Double</attrtype><attwidth Sync="TRUE">16</attwidth><atprecis Sync="TRUE">15</atprecis><attscale Sync="TRUE">6</attscale></attr>
			<attr>
				<attrlabl>MAMTWO2_S</attrlabl>
				<attrdef>suppression indicator; 1 if UHF needs to be suppressed/blanked, 0 otherwise</attrdef>
				<attalias Sync="TRUE">mamtwo2_s</attalias><attrtype Sync="TRUE">Double</attrtype><attwidth Sync="TRUE">16</attwidth><atprecis Sync="TRUE">15</atprecis><attscale Sync="TRUE">6</attscale></attr>
			<attr>
				<attrlabl>PAPTHE2</attrlabl>
				<attrdef>Cervical cancer screening (Pap test) in past three years</attrdef>
				<attrvai>
					<attrva>Noted</attrva>
					<attrvae>Results restricted to women.</attrvae>
				</attrvai>
				<attalias Sync="TRUE">papthe2</attalias><attrtype Sync="TRUE">Double</attrtype><attwidth Sync="TRUE">16</attwidth><atprecis Sync="TRUE">15</atprecis><attscale Sync="TRUE">6</attscale></attr>
			<attr>
				<attrlabl>PAPTHE2_R</attrlabl>
				<attrdef>reliability indicator; 1 if UHF needs to be marked/hatched as unreliable, 0 otherwise</attrdef>
				<attalias Sync="TRUE">papthe2_r</attalias><attrtype Sync="TRUE">Double</attrtype><attwidth Sync="TRUE">16</attwidth><atprecis Sync="TRUE">15</atprecis><attscale Sync="TRUE">6</attscale></attr>
			<attr>
				<attrlabl>PAPTHE2_S</attrlabl>
				<attrdef>suppression indicator; 1 if UHF needs to be suppressed/blanked, 0 otherwise</attrdef>
				<attalias Sync="TRUE">papthe2_s</attalias><attrtype Sync="TRUE">Double</attrtype><attwidth Sync="TRUE">16</attwidth><atprecis Sync="TRUE">15</atprecis><attscale Sync="TRUE">6</attscale></attr>
			<attr>
				<attrlabl>PCAREP2</attrlabl>
				<attrdef>Has a personal doctor/provider</attrdef>
				<attalias Sync="TRUE">pcarep2</attalias><attrtype Sync="TRUE">Double</attrtype><attwidth Sync="TRUE">16</attwidth><atprecis Sync="TRUE">15</atprecis><attscale Sync="TRUE">6</attscale></attr>
			<attr>
				<attrlabl>PCAREP2_R</attrlabl>
				<attrdef>reliability indicator; 1 if UHF needs to be marked/hatched as unreliable, 0 otherwise</attrdef>
				<attalias Sync="TRUE">pcarep2_r</attalias><attrtype Sync="TRUE">Double</attrtype><attwidth Sync="TRUE">16</attwidth><atprecis Sync="TRUE">15</atprecis><attscale Sync="TRUE">6</attscale></attr>
			<attr>
				<attrlabl>PCAREP2_S</attrlabl>
				<attrdef>suppression indicator; 1 if UHF needs to be suppressed/blanked, 0 otherwise</attrdef>
				<attalias Sync="TRUE">pcarep2_s</attalias><attrtype Sync="TRUE">Double</attrtype><attwidth Sync="TRUE">16</attwidth><atprecis Sync="TRUE">15</atprecis><attscale Sync="TRUE">6</attscale></attr>
			<attr><attrlabl Sync="TRUE">pnesht2</attrlabl><attalias Sync="TRUE">pnesht2</attalias><attrtype Sync="TRUE">Number</attrtype><attwidth Sync="TRUE">16</attwidth><attrdef>Pneumonia vaccination ever</attrdef><attrvai><attrva>Noted</attrva><attrvae>Results restricted to adults aged 50 and older.</attrvae></attrvai><atnumdec Sync="TRUE">6</atnumdec></attr><attr><attrlabl Sync="TRUE">pnesht2_r</attrlabl><attalias Sync="TRUE">pnesht2_r</attalias><attrtype Sync="TRUE">Number</attrtype><attwidth Sync="TRUE">16</attwidth><attrdef>reliability indicator; 1 if UHF needs to be marked/hatched as unreliable, 0 otherwise</attrdef><atnumdec Sync="TRUE">6</atnumdec></attr><attr><attrlabl Sync="TRUE">pnesht2_s</attrlabl><attalias Sync="TRUE">pnesht2_s</attalias><attrtype Sync="TRUE">Number</attrtype><attwidth Sync="TRUE">16</attwidth><attrdef>suppression indicator; 1 if UHF needs to be suppressed/blanked, 0 otherwise</attrdef><atnumdec Sync="TRUE">6</atnumdec></attr><attr>
				<attrlabl>RDRINK2</attrlabl>
				<attrdef>Binge drinking</attrdef>
				<attalias Sync="TRUE">rdrink2</attalias><attrtype Sync="TRUE">Double</attrtype><attwidth Sync="TRUE">16</attwidth><atprecis Sync="TRUE">15</atprecis><attscale Sync="TRUE">6</attscale><attrvai><attrva>Noted</attrva><attrvae>Binge drinking is defined as five or more drinks on one occasion in the past 30 days.</attrvae></attrvai></attr>
			<attr>
				<attrlabl>RDRINK2_R</attrlabl>
				<attrdef>reliability indicator; 1 if UHF needs to be marked/hatched as unreliable, 0 otherwise</attrdef>
				<attalias Sync="TRUE">rdrink2_r</attalias><attrtype Sync="TRUE">Double</attrtype><attwidth Sync="TRUE">16</attwidth><atprecis Sync="TRUE">15</atprecis><attscale Sync="TRUE">6</attscale></attr>
			<attr>
				<attrlabl>RDRINK2_S</attrlabl>
				<attrdef>suppression indicator; 1 if UHF needs to be suppressed/blanked, 0 otherwise</attrdef>
				<attalias Sync="TRUE">rdrink2_s</attalias><attrtype Sync="TRUE">Double</attrtype><attwidth Sync="TRUE">16</attwidth><atprecis Sync="TRUE">15</atprecis><attscale Sync="TRUE">6</attscale></attr>
			<attr>
				<attrlabl>RSMOKE3</attrlabl>
				<attrdef>Current smoker</attrdef>
				<attalias Sync="TRUE">rsmoke3</attalias><attrtype Sync="TRUE">Double</attrtype><attwidth Sync="TRUE">16</attwidth><atprecis Sync="TRUE">15</atprecis><attscale Sync="TRUE">6</attscale></attr>
			<attr>
				<attrlabl>RSMOKE3_R</attrlabl>
				<attrdef>reliability indicator; 1 if UHF needs to be marked/hatched as unreliable, 0 otherwise</attrdef>
				<attalias Sync="TRUE">rsmoke3_r</attalias><attrtype Sync="TRUE">Double</attrtype><attwidth Sync="TRUE">16</attwidth><atprecis Sync="TRUE">15</atprecis><attscale Sync="TRUE">6</attscale></attr>
			<attr>
				<attrlabl>RSMOKE3_S</attrlabl>
				<attrdef>suppression indicator; 1 if UHF needs to be suppressed/blanked, 0 otherwise</attrdef>
				<attalias Sync="TRUE">rsmoke3_s</attalias><attrtype Sync="TRUE">Double</attrtype><attwidth Sync="TRUE">16</attwidth><atprecis Sync="TRUE">15</atprecis><attscale Sync="TRUE">6</attscale></attr>
			<attr><attrlabl Sync="TRUE">stairs2</attrlabl><attalias Sync="TRUE">stairs2</attalias><attrtype Sync="TRUE">Number</attrtype><attwidth Sync="TRUE">16</attwidth><attrdef>Walks up at least one floor of stairs per day</attrdef><attrvai><attrva>Noted</attrva><attrvae>Results restricted to adults who are not disabled/unable to climb stairs</attrvae></attrvai><atnumdec Sync="TRUE">6</atnumdec></attr><attr><attrlabl Sync="TRUE">stairs2_r</attrlabl><attalias Sync="TRUE">stairs2_r</attalias><attrtype Sync="TRUE">Number</attrtype><attwidth Sync="TRUE">16</attwidth><attrdef>reliability indicator; 1 if UHF needs to be marked/hatched as unreliable, 0 otherwise</attrdef><atnumdec Sync="TRUE">6</atnumdec></attr><attr><attrlabl Sync="TRUE">stairs2_s</attrlabl><attalias Sync="TRUE">stairs2_s</attalias><attrtype Sync="TRUE">Number</attrtype><attwidth Sync="TRUE">16</attwidth><attrdef>suppression indicator; 1 if UHF needs to be suppressed/blanked, 0 otherwise</attrdef><atnumdec Sync="TRUE">6</atnumdec></attr><attr><attrlabl Sync="TRUE">sugarb3</attrlabl><attalias Sync="TRUE">sugarb3</attalias><attrtype Sync="TRUE">Number</attrtype><attwidth Sync="TRUE">16</attwidth><attrdef>Drinks one or more sugar-sweetened beverages per day</attrdef><attrvai><attrva>Noted</attrva><attrvae>Includes sodas, iced tea, sports drinks, etc.</attrvae></attrvai><atnumdec Sync="TRUE">6</atnumdec></attr><attr><attrlabl Sync="TRUE">sugarb3_r</attrlabl><attalias Sync="TRUE">sugarb3_r</attalias><attrtype Sync="TRUE">Number</attrtype><attwidth Sync="TRUE">16</attwidth><attrdef>reliability indicator; 1 if UHF needs to be marked/hatched as unreliable, 0 otherwise</attrdef><atnumdec Sync="TRUE">6</atnumdec></attr><attr><attrlabl Sync="TRUE">sugarb3_s</attrlabl><attalias Sync="TRUE">sugarb3_s</attalias><attrtype Sync="TRUE">Number</attrtype><attwidth Sync="TRUE">16</attwidth><attrdef>suppression indicator; 1 if UHF needs to be suppressed/blanked, 0 otherwise</attrdef><atnumdec Sync="TRUE">6</atnumdec></attr><attr><attrlabl Sync="TRUE">waters5</attrlabl><attalias Sync="TRUE">waters5</attalias><attrtype Sync="TRUE">Number</attrtype><attwidth Sync="TRUE">16</attwidth><attrdef>Drinks unfiltered tap water frequently</attrdef><atnumdec Sync="TRUE">6</atnumdec></attr><attr><attrlabl Sync="TRUE">waters5_r</attrlabl><attalias Sync="TRUE">waters5_r</attalias><attrtype Sync="TRUE">Number</attrtype><attwidth Sync="TRUE">16</attwidth><attrdef>reliability indicator; 1 if UHF needs to be marked/hatched as unreliable, 0 otherwise</attrdef><atnumdec Sync="TRUE">6</atnumdec></attr><attr><attrlabl Sync="TRUE">waters5_s</attrlabl><attalias Sync="TRUE">waters5_s</attalias><attrtype Sync="TRUE">Number</attrtype><attwidth Sync="TRUE">16</attwidth><attrdef>suppression indicator; 1 if UHF needs to be suppressed/blanked, 0 otherwise</attrdef><atnumdec Sync="TRUE">6</atnumdec></attr></detailed>
	</eainfo>
	<distinfo>
		<resdesc>Downloadable Data</resdesc>
		<stdorder>
			<digform>
				<digtinfo>
					<transize>0.242</transize>
					<dssize Sync="TRUE">0.239</dssize></digtinfo>
			</digform>
		</stdorder>
	</distinfo>
	<metainfo>
		<metd Sync="TRUE">20091216</metd>
		<metc>
			<cntinfo>
				<cntorgp>
					<cntorg>GIS Center - Bureau Epi Services, NYC DOHMH</cntorg>
					<cntper>Chris Goranson</cntper>
				</cntorgp>
				<cntaddr>
					<address>125 Worth Street</address>
					<city>New York</city>
					<state>NY</state>
					<postal>10013</postal>
					<addrtype>mailing and physical address</addrtype></cntaddr>
				<cntvoice>21788-2221</cntvoice>
			</cntinfo>
		</metc>
		<metstdn Sync="TRUE">FGDC Content Standards for Digital Geospatial Metadata</metstdn>
		<metstdv Sync="TRUE">FGDC-STD-001-1998</metstdv>
		<mettc Sync="TRUE">local time</mettc>
		<metextns>
			<onlink>http://www.esri.com/metadata/esriprof80.html</onlink>
			<metprof>ESRI Metadata Profile</metprof>
		</metextns>
		<langmeta Sync="TRUE">en</langmeta><metextns><onlink Sync="TRUE">http://www.esri.com/metadata/esriprof80.html</onlink><metprof Sync="TRUE">ESRI Metadata Profile</metprof></metextns></metainfo>
	<Esri><MetaID>{E3B3F077-A415-4550-B75C-65A49F4BE4EF}</MetaID><CreaDate>20091216</CreaDate><CreaTime>11130100</CreaTime><SyncOnce>FALSE</SyncOnce><SyncDate>20091216</SyncDate><SyncTime>11414900</SyncTime><ModDate>20091216</ModDate><ModTime>11414900</ModTime></Esri><dataqual><lineage><procstep><procdesc Sync="TRUE">Metadata imported.</procdesc><procdate Sync="TRUE">20091216</procdate><proctime Sync="TRUE">11130100</proctime></procstep></lineage></dataqual><dataIdInfo><envirDesc Sync="TRUE">Microsoft Windows XP Version 5.1 (Build 2600) Service Pack 2; ESRI ArcCatalog 9.3.1.3000</envirDesc><dataLang><languageCode Sync="TRUE" value="en"></languageCode></dataLang><idCitation><resTitle Sync="TRUE">CHS_2008_UHF_34_DOHMH_2009</resTitle><presForm><PresFormCd Sync="TRUE" value="005"></PresFormCd></presForm></idCitation><spatRpType><SpatRepTypCd Sync="TRUE" value="001"></SpatRepTypCd></spatRpType><dataExt><geoEle><GeoBndBox esriExtentType="native"><westBL Sync="TRUE">913090.772311</westBL><eastBL Sync="TRUE">1067309.915623</eastBL><northBL Sync="TRUE">272932.041574</northBL><southBL Sync="TRUE">120053.530072</southBL><exTypeCode Sync="TRUE">1</exTypeCode></GeoBndBox></geoEle></dataExt><geoBox esriExtentType="decdegrees"><westBL Sync="TRUE">-74.257465</westBL><eastBL Sync="TRUE">-73.699477</eastBL><northBL Sync="TRUE">40.915808</northBL><southBL Sync="TRUE">40.495805</southBL><exTypeCode Sync="TRUE">1</exTypeCode></geoBox></dataIdInfo><mdLang><languageCode Sync="TRUE" value="en"></languageCode></mdLang><mdStanName Sync="TRUE">ISO 19115 Geographic Information - Metadata</mdStanName><mdStanVer Sync="TRUE">DIS_ESRI1.0</mdStanVer><mdChar><CharSetCd Sync="TRUE" value="004"></CharSetCd></mdChar><mdHrLv><ScopeCd Sync="TRUE" value="005"></ScopeCd></mdHrLv><mdHrLvName Sync="TRUE">dataset</mdHrLvName><distInfo><distributor><distorTran><onLineSrc><orDesc Sync="TRUE">002</orDesc><linkage Sync="TRUE">file://\\SAS125WIT112\EPISAS\GIS\NYC_Projects_09\CHS_Atlas\2008\CHS_2008_UHF_34_DOHMH_2009.shp</linkage><protocol Sync="TRUE">Local Area Network</protocol></onLineSrc><transSize Sync="TRUE">0.239</transSize></distorTran><distorFormat><formatName Sync="TRUE">Shapefile</formatName></distorFormat></distributor></distInfo><refSysInfo><RefSystem><refSysID><identCode Sync="TRUE">NAD_1983_StatePlane_New_York_Long_Island_FIPS_3104_Feet</identCode></refSysID></RefSystem></refSysInfo><spatRepInfo><VectSpatRep><topLvl><TopoLevCd Sync="TRUE" value="001"></TopoLevCd></topLvl><geometObjs Name="CHS_2008_UHF_34_DOHMH_2009"><geoObjTyp><GeoObjTypCd Sync="TRUE" value="001"></GeoObjTypCd></geoObjTyp><geoObjCnt Sync="TRUE">35</geoObjCnt></geometObjs></VectSpatRep></spatRepInfo><mdDateSt Sync="TRUE">20091216</mdDateSt></metadata>
