<?xml version="1.0" encoding="UTF-8"?>
<metadata xml:lang="en"><Esri><CreaDate>20110801</CreaDate><CreaTime>07513600</CreaTime><ArcGISFormat>1.0</ArcGISFormat><SyncOnce>TRUE</SyncOnce><DataProperties><lineage><Process Name="Extract by Mask (2)" ToolSource="C:\Program Files (x86)\ArcGIS\Desktop10.0\ArcToolbox\Toolboxes\Spatial Analyst Tools.tbx\ExtractByMask" Date="20110722" Time="094903">ExtractByMask tmax_7 us_bnd_single C:\Users\Jeff\Dropbox\SpatiaLabs\WNV_lab\Data\tmax_7_us</Process></lineage><itemProps><itemLocation><linkage Sync="TRUE">file://\\JEFF-LENOVO\C$\Users\Jeff\Dropbox\SpatiaLabs\WNV_lab\Delivered\WNV_data\raster\tmax_jul</linkage><protocol Sync="TRUE">Local Area Network</protocol></itemLocation></itemProps><copyHistory><copy source="C:\Users\Jeff\Dropbox\SpatiaLabs\WNV_lab\Data\tmax_jul" dest="\\JEFF-LENOVO\C$\Users\Jeff\Dropbox\SpatiaLabs\WNV_lab\Delivered\WNV_data\raster\tmax_jul" date="20110801" time="07513600"></copy></copyHistory></DataProperties></Esri></metadata>
