<?xml version="1.0" encoding="UTF-8"?>
<metadata xml:lang="en"><Esri><CreaDate>20111106</CreaDate><CreaTime>08224200</CreaTime><ArcGISFormat>1.0</ArcGISFormat><SyncOnce>TRUE</SyncOnce><DataProperties><lineage><Process ToolSource="C:\Program Files (x86)\ArcGIS\Desktop10.0\ArcToolbox\Toolboxes\Data Management Tools.tbx\DeleteField" Date="20111106" Time="073715">DeleteField Weather_stations2 FID_1;OBJECTID;FID_2;NAME;STATE_NAME;tmax_may;tmax_jun;tmax_jul;tmax_aug;tmin_jan;tmin_dec;tmin_feb;tmin_wint</Process></lineage><itemProps><itemLocation><linkage Sync="TRUE">file://\\JEFF-LENOVO\C$\Users\Jeff\Dropbox\SpatiaLabs\WNV_lab\Delivered\WNV_data\vector\Weather_stations</linkage><protocol Sync="TRUE">Local Area Network</protocol></itemLocation></itemProps><copyHistory><copy source="C:\WNV_data\vector\Weather_stations" dest="\\JEFF-LENOVO\C$\Users\Jeff\Dropbox\SpatiaLabs\WNV_lab\Delivered\WNV_data\vector\Weather_stations" date="20111106" time="08224200"></copy></copyHistory></DataProperties></Esri></metadata>
