<?xml version="1.0"?>
<!--<!DOCTYPE metadata SYSTEM "http://www.esri.com/metadata/esriprof80.dtd">-->
<metadata xml:lang="en"><Esri><MetaID>{AA02B8BB-DD71-416A-8203-82D38E02EC17}</MetaID><CreaDate>20090904</CreaDate><CreaTime>10355000</CreaTime><SyncOnce>FALSE</SyncOnce><SyncDate>20091222</SyncDate><SyncTime>12090900</SyncTime><ModDate>20091222</ModDate><ModTime>12090900</ModTime></Esri><idinfo><native Sync="TRUE">Microsoft Windows XP Version 5.1 (Build 2600) Service Pack 2; ESRI ArcCatalog 9.3.1.3000</native><descript><langdata Sync="TRUE">en</langdata><abstract>NYC District Public Health Office (DPHO) locations.  This file describes the physical address locations of the DPHO offices only - not the boundaries.</abstract><purpose>As part of its commitment to reducing and eliminating health disparities in New York City, the Department of Health and
Mental Hygiene has established District Public Health Offices in East and Central Harlem, North and Central Brooklyn, and the South Bronx. </purpose><supplinf>http://www.nyc.gov/html/doh/downloads/pdf/dpho/dpho-brochure.pdf</supplinf></descript><citation><citeinfo><origin>Chris Goranson</origin><pubdate>12/2009</pubdate><title Sync="TRUE">DPHO_OFFICES_DOHMH_2009</title><ftname Sync="TRUE">DPHO_OFFICES_DOHMH_2009</ftname><geoform Sync="TRUE">vector digital data</geoform><onlink>x</onlink></citeinfo></citation><timeperd><current>2009</current><timeinfo><sngdate><caldate>2009</caldate></sngdate></timeinfo></timeperd><status><progress>Complete</progress><update>Unknown</update></status><spdom><bounding><westbc Sync="TRUE">-73.941963</westbc><eastbc Sync="TRUE">-73.894477</eastbc><northbc Sync="TRUE">40.844009</northbc><southbc Sync="TRUE">40.685720</southbc></bounding><lboundng><leftbc Sync="TRUE">1000346.003200</leftbc><rightbc Sync="TRUE">1013446.184400</rightbc><bottombc Sync="TRUE">189120.121100</bottombc><topbc Sync="TRUE">246777.954600</topbc></lboundng></spdom><keywords><theme><themekt>NYC DOHMH</themekt><themekey>District Public Health Office</themekey></theme><theme><themekey>NYC</themekey><themekey>District Public Health Office</themekey></theme></keywords><accconst>Please contact GIS Center.</accconst><useconst>Please contact GIS Center.</useconst><natvform Sync="TRUE">Shapefile</natvform></idinfo><dataIdInfo><envirDesc Sync="TRUE">Microsoft Windows XP Version 5.1 (Build 2600) Service Pack 2; ESRI ArcCatalog 9.3.1.3000</envirDesc><dataLang><languageCode Sync="TRUE" value="en"></languageCode></dataLang><idCitation><resTitle Sync="TRUE">DPHO_OFFICES_DOHMH_2009</resTitle><presForm><PresFormCd Sync="TRUE" value="005"></PresFormCd></presForm></idCitation><spatRpType><SpatRepTypCd Sync="TRUE" value="001"></SpatRepTypCd></spatRpType><dataExt><geoEle><GeoBndBox esriExtentType="native"><westBL Sync="TRUE">1000346.0032</westBL><eastBL Sync="TRUE">1013446.1844</eastBL><northBL Sync="TRUE">246777.9546</northBL><southBL Sync="TRUE">189120.1211</southBL><exTypeCode Sync="TRUE">1</exTypeCode></GeoBndBox></geoEle></dataExt><geoBox esriExtentType="decdegrees"><westBL Sync="TRUE">-73.941963</westBL><eastBL Sync="TRUE">-73.894477</eastBL><northBL Sync="TRUE">40.844009</northBL><southBL Sync="TRUE">40.68572</southBL><exTypeCode Sync="TRUE">1</exTypeCode></geoBox></dataIdInfo><metainfo><langmeta Sync="TRUE">en</langmeta><metstdn Sync="TRUE">FGDC Content Standards for Digital Geospatial Metadata</metstdn><metstdv Sync="TRUE">FGDC-STD-001-1998</metstdv><mettc Sync="TRUE">local time</mettc><metc><cntinfo><cntorgp><cntper>Chris Goranson</cntper><cntorg>NYC DOHMH - GIS Center</cntorg></cntorgp><cntaddr><addrtype>mailing and physical address</addrtype><city>New York</city><state>NY</state><postal>10013</postal></cntaddr><cntvoice>212-788-2221</cntvoice></cntinfo></metc><metd Sync="TRUE">20091222</metd><metextns><onlink Sync="TRUE">http://www.esri.com/metadata/esriprof80.html</onlink><metprof Sync="TRUE">ESRI Metadata Profile</metprof></metextns></metainfo><mdLang><languageCode Sync="TRUE" value="en"></languageCode></mdLang><mdStanName Sync="TRUE">ISO 19115 Geographic Information - Metadata</mdStanName><mdStanVer Sync="TRUE">DIS_ESRI1.0</mdStanVer><mdChar><CharSetCd Sync="TRUE" value="004"></CharSetCd></mdChar><mdHrLv><ScopeCd Sync="TRUE" value="005"></ScopeCd></mdHrLv><mdHrLvName Sync="TRUE">dataset</mdHrLvName><distinfo><resdesc Sync="TRUE">Downloadable Data</resdesc><stdorder><digform><digtinfo><transize Sync="TRUE">0.000</transize><dssize Sync="TRUE">0.000</dssize></digtinfo></digform></stdorder></distinfo><distInfo><distributor><distorTran><onLineSrc><orDesc Sync="TRUE">002</orDesc><linkage Sync="TRUE">file://\\SAS125WIT112\EPISAS\GIS\NYC_Projects_09\Data\DPHO_OFFICES_DOHMH_2009.shp</linkage><protocol Sync="TRUE">Local Area Network</protocol></onLineSrc><transSize Sync="TRUE">0.000</transSize></distorTran><distorFormat><formatName Sync="TRUE">Shapefile</formatName></distorFormat></distributor></distInfo><spdoinfo><direct Sync="TRUE">Vector</direct><ptvctinf><esriterm Name="DPHO_OFFICES_DOHMH_2009"><efeatyp Sync="TRUE">Simple</efeatyp><efeageom Sync="TRUE">Point</efeageom><esritopo Sync="TRUE">FALSE</esritopo><efeacnt Sync="TRUE">4</efeacnt><spindex Sync="TRUE">TRUE</spindex><linrefer Sync="TRUE">FALSE</linrefer></esriterm><sdtsterm Name="DPHO_OFFICES_DOHMH_2009"><sdtstype Sync="TRUE">Entity point</sdtstype><ptvctcnt Sync="TRUE">4</ptvctcnt></sdtsterm></ptvctinf></spdoinfo><spref><horizsys><cordsysn><geogcsn Sync="TRUE">GCS_North_American_1983</geogcsn><projcsn Sync="TRUE">NAD_1983_StatePlane_New_York_Long_Island_FIPS_3104_Feet</projcsn></cordsysn><planar><planci><plance Sync="TRUE">coordinate pair</plance><plandu Sync="TRUE">survey feet</plandu><coordrep><absres Sync="TRUE">0.000000</absres><ordres Sync="TRUE">0.000000</ordres></coordrep></planci><mapproj><mapprojn Sync="TRUE">Lambert Conformal Conic</mapprojn><lambertc><stdparll Sync="TRUE">40.666667</stdparll><stdparll Sync="TRUE">41.033333</stdparll><longcm Sync="TRUE">-74.000000</longcm><latprjo Sync="TRUE">40.166667</latprjo><feast Sync="TRUE">984250.000000</feast><fnorth Sync="TRUE">0.000000</fnorth></lambertc></mapproj></planar><geodetic><horizdn Sync="TRUE">North American Datum of 1983</horizdn><ellips Sync="TRUE">Geodetic Reference System 80</ellips><semiaxis Sync="TRUE">6378137.000000</semiaxis><denflat Sync="TRUE">298.257222</denflat></geodetic></horizsys></spref><refSysInfo><RefSystem><refSysID><identCode Sync="TRUE">NAD_1983_StatePlane_New_York_Long_Island_FIPS_3104_Feet</identCode></refSysID></RefSystem></refSysInfo><spatRepInfo><VectSpatRep><topLvl><TopoLevCd Sync="TRUE" value="001"></TopoLevCd></topLvl><geometObjs Name="DPHO_OFFICES_DOHMH_2009"><geoObjTyp><GeoObjTypCd Sync="TRUE" value="004"></GeoObjTypCd></geoObjTyp><geoObjCnt Sync="TRUE">4</geoObjCnt></geometObjs></VectSpatRep></spatRepInfo><eainfo><detailed Name="DPHO_OFFICES_DOHMH_2009"><enttyp><enttypl Sync="TRUE">DPHO_OFFICES_DOHMH_2009</enttypl><enttypt Sync="TRUE">Feature Class</enttypt><enttypc Sync="TRUE">4</enttypc></enttyp><attr><attrlabl Sync="TRUE">FID</attrlabl><attalias Sync="TRUE">FID</attalias><attrtype Sync="TRUE">OID</attrtype><attwidth Sync="TRUE">4</attwidth><atprecis Sync="TRUE">0</atprecis><attscale Sync="TRUE">0</attscale><attrdef Sync="TRUE">Internal feature number.</attrdef><attrdefs Sync="TRUE">ESRI</attrdefs><attrdomv><udom Sync="TRUE">Sequential unique whole numbers that are automatically generated.</udom></attrdomv></attr><attr><attrlabl Sync="TRUE">Shape</attrlabl><attalias Sync="TRUE">Shape</attalias><attrtype Sync="TRUE">Geometry</attrtype><attwidth Sync="TRUE">0</attwidth><atprecis Sync="TRUE">0</atprecis><attscale Sync="TRUE">0</attscale><attrdef Sync="TRUE">Feature geometry.</attrdef><attrdefs Sync="TRUE">ESRI</attrdefs><attrdomv><udom Sync="TRUE">Coordinates defining the features.</udom></attrdomv></attr><attr><attrlabl Sync="TRUE">DPHO</attrlabl><attalias Sync="TRUE">DPHO</attalias><attrtype Sync="TRUE">String</attrtype><attwidth Sync="TRUE">30</attwidth><attrdef>DPHO short name</attrdef></attr><attr><attrlabl Sync="TRUE">ADDRESS</attrlabl><attalias Sync="TRUE">ADDRESS</attalias><attrtype Sync="TRUE">String</attrtype><attwidth Sync="TRUE">50</attwidth><attrdef>DPHO Address</attrdef></attr><attr><attrlabl Sync="TRUE">PHONE</attrlabl><attalias Sync="TRUE">PHONE</attalias><attrtype Sync="TRUE">String</attrtype><attwidth Sync="TRUE">12</attwidth><attrdef>DPHO Phone Number</attrdef></attr><attr><attrlabl Sync="TRUE">BOROUGH</attrlabl><attalias Sync="TRUE">BOROUGH</attalias><attrtype Sync="TRUE">String</attrtype><attwidth Sync="TRUE">25</attwidth><attrdef>NYC Borough Name</attrdef></attr><attr><attrlabl Sync="TRUE">ZIP</attrlabl><attalias Sync="TRUE">ZIP</attalias><attrtype Sync="TRUE">Number</attrtype><attwidth Sync="TRUE">5</attwidth><attrdef>ZIP Code Area</attrdef></attr><attr><attrlabl Sync="TRUE">DPHO_NAME</attrlabl><attalias Sync="TRUE">DPHO_NAME</attalias><attrtype Sync="TRUE">String</attrtype><attwidth Sync="TRUE">70</attwidth><attrdef>Long DPHO Name</attrdef></attr><attr><attrlabl Sync="TRUE">PRIMARY</attrlabl><attalias Sync="TRUE">PRIMARY</attalias><attrtype Sync="TRUE">Number</attrtype><attwidth Sync="TRUE">1</attwidth><attrdef>Primary Office is coded with a 1</attrdef></attr><attr><attrlabl Sync="TRUE">HEALTH_CEN</attrlabl><attalias Sync="TRUE">HEALTH_CEN</attalias><attrtype Sync="TRUE">String</attrtype><attwidth Sync="TRUE">50</attwidth><attrdef>Related Health Center Name</attrdef></attr></detailed></eainfo><mdDateSt Sync="TRUE">20091222</mdDateSt></metadata>
