<?xml version="1.0"?>
<!--<!DOCTYPE metadata SYSTEM "http://www.esri.com/metadata/esriprof80.dtd">-->
<metadata xml:lang="en"><Esri><CreaDate>20091222</CreaDate><CreaTime>11572500</CreaTime><SyncOnce>FALSE</SyncOnce><SyncDate>20091222</SyncDate><SyncTime>12055200</SyncTime><ModDate>20091222</ModDate><ModTime>12064300</ModTime><MetaID>{1383A07A-B0B5-4C0D-8FE5-A28F3B2C7FAD}</MetaID></Esri><idinfo><native Sync="TRUE">Microsoft Windows XP Version 5.1 (Build 2600) Service Pack 2; ESRI ArcCatalog 9.3.1.3000</native><descript><langdata Sync="TRUE">en</langdata><abstract>NOTE:  PLEASE VERIFY HOURS AND LOCATIONS BY EITHER CALLING 311 OR VISITING WWW.NYC.GOV/HEALTH

This file represents NYC Dept. of Health and Mental Hygiene Service Centers, including Tuberculosis Chest Centers, STD Services, STD HIV Testing, Food Safety &amp; Community Sanitation, Birth and Death Certificates, Early Intervention Offices, The Health Academy, and Immunization Walk-In Centers.</abstract><purpose>To provide a list of NYC DOHMH service center locations.</purpose></descript><citation><citeinfo><origin>NYC DOHMH</origin><pubdate>05/2009</pubdate><title Sync="TRUE">Customer_Service_Ctrs_DOHMH_2009B</title><ftname Sync="TRUE">Customer_Service_Ctrs_DOHMH_2009B</ftname><geoform Sync="TRUE">vector digital data</geoform><origin>Susan Resnick</origin><origin>Daiana Iqbal</origin><origin>Chris Goranson</origin><onlink>x</onlink></citeinfo></citation><timeperd><current>05/2009</current><timeinfo><sngdate><caldate>2009</caldate></sngdate></timeinfo></timeperd><status><progress>Complete</progress><update>Unknown</update></status><spdom><bounding><westbc Sync="TRUE">-74.078538</westbc><eastbc Sync="TRUE">-73.800070</eastbc><northbc Sync="TRUE">40.844131</northbc><southbc Sync="TRUE">40.644739</southbc></bounding><lboundng><leftbc Sync="TRUE">962520.000000</leftbc><rightbc Sync="TRUE">1039567.000000</rightbc><bottombc Sync="TRUE">174235.000000</bottombc><topbc Sync="TRUE">246817.000000</topbc></lboundng></spdom><keywords><theme><themekt>DOHMH</themekt><themekey>health</themekey><themekey>tuberculosis</themekey><themekey>services</themekey><themekey>service centers</themekey><themekey>STD</themekey><themekey>HIV</themekey><themekey>testing</themekey><themekey>birth</themekey><themekey>death</themekey><themekey>certificate</themekey><themekey>early intervention</themekey></theme><theme><themekey>health academy</themekey><themekey>immunization</themekey><themekey>food safety</themekey><themekey>sanitation</themekey><themekey>office</themekey></theme></keywords><accconst>Please contact GIS Center.</accconst><useconst>Please contact GIS Center.</useconst><natvform Sync="TRUE">Shapefile</natvform><ptcontac><cntinfo><cntperp><cntorg>NYC DOHMH</cntorg></cntperp><cntvoice>311 or 212 NEWYORK</cntvoice></cntinfo></ptcontac></idinfo><dataIdInfo><envirDesc Sync="TRUE">Microsoft Windows XP Version 5.1 (Build 2600) Service Pack 2; ESRI ArcCatalog 9.3.1.3000</envirDesc><dataLang><languageCode Sync="TRUE" value="en"></languageCode></dataLang><idCitation><resTitle Sync="TRUE">Customer_Service_Ctrs_DOHMH_2009B</resTitle><presForm><PresFormCd Sync="TRUE" value="005"></PresFormCd></presForm></idCitation><spatRpType><SpatRepTypCd Sync="TRUE" value="001"></SpatRepTypCd></spatRpType><dataExt><geoEle><GeoBndBox esriExtentType="native"><westBL Sync="TRUE">962520</westBL><eastBL Sync="TRUE">1039567</eastBL><northBL Sync="TRUE">246817</northBL><southBL Sync="TRUE">174235</southBL><exTypeCode Sync="TRUE">1</exTypeCode></GeoBndBox></geoEle></dataExt><geoBox esriExtentType="decdegrees"><westBL Sync="TRUE">-74.078538</westBL><eastBL Sync="TRUE">-73.80007</eastBL><northBL Sync="TRUE">40.844131</northBL><southBL Sync="TRUE">40.644739</southBL><exTypeCode Sync="TRUE">1</exTypeCode></geoBox></dataIdInfo><metainfo><langmeta Sync="TRUE">en</langmeta><metstdn Sync="TRUE">FGDC Content Standards for Digital Geospatial Metadata</metstdn><metstdv Sync="TRUE">FGDC-STD-001-1998</metstdv><mettc Sync="TRUE">local time</mettc><metc><cntinfo><cntorgp><cntper>Chris Goranson</cntper><cntorg>NYC DOHMH</cntorg></cntorgp><cntaddr><addrtype>125 Worth Street</addrtype><city>New York</city><state>NY</state><postal>10013</postal></cntaddr><cntvoice>212-788-2221</cntvoice></cntinfo></metc><metd Sync="TRUE">20091222</metd><metextns><onlink Sync="TRUE">http://www.esri.com/metadata/esriprof80.html</onlink><metprof Sync="TRUE">ESRI Metadata Profile</metprof></metextns></metainfo><mdLang><languageCode Sync="TRUE" value="en"></languageCode></mdLang><mdStanName Sync="TRUE">ISO 19115 Geographic Information - Metadata</mdStanName><mdStanVer Sync="TRUE">DIS_ESRI1.0</mdStanVer><mdChar><CharSetCd Sync="TRUE" value="004"></CharSetCd></mdChar><mdHrLv><ScopeCd Sync="TRUE" value="005"></ScopeCd></mdHrLv><mdHrLvName Sync="TRUE">dataset</mdHrLvName><distinfo><resdesc Sync="TRUE">Downloadable Data</resdesc><stdorder><digform><digtinfo><transize Sync="TRUE">0.001</transize><dssize Sync="TRUE">0.001</dssize></digtinfo></digform></stdorder></distinfo><distInfo><distributor><distorTran><onLineSrc><orDesc Sync="TRUE">002</orDesc><linkage Sync="TRUE">file://\\SAS125WIT112\EPISAS\GIS\NYC_Projects_09\Data\DOHMH_Customer_Svc_Ctrs\Customer_Service_Ctrs_DOHMH_2009B.shp</linkage><protocol Sync="TRUE">Local Area Network</protocol></onLineSrc><transSize Sync="TRUE">0.001</transSize></distorTran><distorFormat><formatName Sync="TRUE">Shapefile</formatName></distorFormat></distributor></distInfo><spdoinfo><direct Sync="TRUE">Vector</direct><ptvctinf><esriterm Name="Customer_Service_Ctrs_DOHMH_2009B"><efeatyp Sync="TRUE">Simple</efeatyp><efeageom Sync="TRUE">Point</efeageom><esritopo Sync="TRUE">FALSE</esritopo><efeacnt Sync="TRUE">32</efeacnt><spindex Sync="TRUE">TRUE</spindex><linrefer Sync="TRUE">FALSE</linrefer></esriterm><sdtsterm Name="Customer_Service_Ctrs_DOHMH_2009B"><sdtstype Sync="TRUE">Entity point</sdtstype><ptvctcnt Sync="TRUE">32</ptvctcnt></sdtsterm></ptvctinf></spdoinfo><spref><horizsys><cordsysn><geogcsn Sync="TRUE">GCS_North_American_1983</geogcsn><projcsn Sync="TRUE">NAD_1983_StatePlane_New_York_Long_Island_FIPS_3104_Feet</projcsn></cordsysn><planar><planci><plance Sync="TRUE">coordinate pair</plance><plandu Sync="TRUE">survey feet</plandu><coordrep><absres Sync="TRUE">0.000000</absres><ordres Sync="TRUE">0.000000</ordres></coordrep></planci><mapproj><mapprojn Sync="TRUE">Lambert Conformal Conic</mapprojn><lambertc><stdparll Sync="TRUE">40.666667</stdparll><stdparll Sync="TRUE">41.033333</stdparll><longcm Sync="TRUE">-74.000000</longcm><latprjo Sync="TRUE">40.166667</latprjo><feast Sync="TRUE">984250.000000</feast><fnorth Sync="TRUE">0.000000</fnorth></lambertc></mapproj></planar><geodetic><horizdn Sync="TRUE">North American Datum of 1983</horizdn><ellips Sync="TRUE">Geodetic Reference System 80</ellips><semiaxis Sync="TRUE">6378137.000000</semiaxis><denflat Sync="TRUE">298.257222</denflat></geodetic></horizsys></spref><refSysInfo><RefSystem><refSysID><identCode Sync="TRUE">NAD_1983_StatePlane_New_York_Long_Island_FIPS_3104_Feet</identCode></refSysID></RefSystem></refSysInfo><spatRepInfo><VectSpatRep><topLvl><TopoLevCd Sync="TRUE" value="001"></TopoLevCd></topLvl><geometObjs Name="Customer_Service_Ctrs_DOHMH_2009B"><geoObjTyp><GeoObjTypCd Sync="TRUE" value="004"></GeoObjTypCd></geoObjTyp><geoObjCnt Sync="TRUE">32</geoObjCnt></geometObjs></VectSpatRep></spatRepInfo><eainfo><detailed Name="Customer_Service_Ctrs_DOHMH_2009B"><enttyp><enttypl Sync="TRUE">Customer_Service_Ctrs_DOHMH_2009B</enttypl><enttypt Sync="TRUE">Feature Class</enttypt><enttypc Sync="TRUE">32</enttypc></enttyp><attr><attrlabl Sync="TRUE">FID</attrlabl><attalias Sync="TRUE">FID</attalias><attrtype Sync="TRUE">OID</attrtype><attwidth Sync="TRUE">4</attwidth><atprecis Sync="TRUE">0</atprecis><attscale Sync="TRUE">0</attscale><attrdef Sync="TRUE">Internal feature number.</attrdef><attrdefs Sync="TRUE">ESRI</attrdefs><attrdomv><udom Sync="TRUE">Sequential unique whole numbers that are automatically generated.</udom></attrdomv></attr><attr><attrlabl Sync="TRUE">Shape</attrlabl><attalias Sync="TRUE">Shape</attalias><attrtype Sync="TRUE">Geometry</attrtype><attwidth Sync="TRUE">0</attwidth><atprecis Sync="TRUE">0</atprecis><attscale Sync="TRUE">0</attscale><attrdef Sync="TRUE">Feature geometry.</attrdef><attrdefs Sync="TRUE">ESRI</attrdefs><attrdomv><udom Sync="TRUE">Coordinates defining the features.</udom></attrdomv></attr><attr><attrlabl Sync="TRUE">Xcoordinat</attrlabl><attalias Sync="TRUE">Xcoordinat</attalias><attrtype Sync="TRUE">Number</attrtype><attwidth Sync="TRUE">16</attwidth><attrdef>X Coordinate</attrdef><atnumdec Sync="TRUE">6</atnumdec></attr><attr><attrlabl Sync="TRUE">Ycoordinat</attrlabl><attalias Sync="TRUE">Ycoordinat</attalias><attrtype Sync="TRUE">Number</attrtype><attwidth Sync="TRUE">16</attwidth><attrdef>Y Coordinate</attrdef><atnumdec Sync="TRUE">6</atnumdec></attr><attr><attrlabl Sync="TRUE">RecordNumb</attrlabl><attalias Sync="TRUE">RecordNumb</attalias><attrtype Sync="TRUE">String</attrtype><attwidth Sync="TRUE">254</attwidth></attr><attr><attrlabl Sync="TRUE">BuildingNu</attrlabl><attalias Sync="TRUE">BuildingNu</attalias><attrtype Sync="TRUE">String</attrtype><attwidth Sync="TRUE">254</attwidth><attrdef>Building Number</attrdef></attr><attr><attrlabl Sync="TRUE">StreetName</attrlabl><attalias Sync="TRUE">StreetName</attalias><attrtype Sync="TRUE">String</attrtype><attwidth Sync="TRUE">254</attwidth><attrdef>Street Name</attrdef></attr><attr><attrlabl Sync="TRUE">BIN</attrlabl><attalias Sync="TRUE">BIN</attalias><attrtype Sync="TRUE">String</attrtype><attwidth Sync="TRUE">254</attwidth><attrdef>BIN - Building Identification Number</attrdef><attrdefs>City Planning</attrdefs></attr><attr><attrlabl Sync="TRUE">BBL</attrlabl><attalias Sync="TRUE">BBL</attalias><attrtype Sync="TRUE">String</attrtype><attwidth Sync="TRUE">254</attwidth><attrdef>BBL - Borough, Block &amp; Lot</attrdef><attrdefs>City Planning</attrdefs></attr><attr><attrlabl Sync="TRUE">ZipCode</attrlabl><attalias Sync="TRUE">ZipCode</attalias><attrtype Sync="TRUE">String</attrtype><attwidth Sync="TRUE">254</attwidth><attrdef>ZIP Code</attrdef><attrdefs>City Planning</attrdefs></attr><attr><attrlabl Sync="TRUE">CommunityD</attrlabl><attalias Sync="TRUE">CommunityD</attalias><attrtype Sync="TRUE">String</attrtype><attwidth Sync="TRUE">254</attwidth><attrdef>Community District</attrdef><attrdefs>City Planning</attrdefs></attr><attr><attrlabl Sync="TRUE">CityCounci</attrlabl><attalias Sync="TRUE">CityCounci</attalias><attrtype Sync="TRUE">String</attrtype><attwidth Sync="TRUE">254</attwidth><attrdef>City Council District</attrdef><attrdefs>City Planning</attrdefs></attr><attr><attrlabl Sync="TRUE">HealthCent</attrlabl><attalias Sync="TRUE">HealthCent</attalias><attrtype Sync="TRUE">String</attrtype><attwidth Sync="TRUE">254</attwidth><attrdef>Health Center Area</attrdef></attr><attr><attrlabl Sync="TRUE">UHFNeighbo</attrlabl><attalias Sync="TRUE">UHFNeighbo</attalias><attrtype Sync="TRUE">String</attrtype><attwidth Sync="TRUE">254</attwidth><attrdef>United Hospital Fund Neighborhood</attrdef></attr><attr><attrlabl Sync="TRUE">AGENCY_IN</attrlabl><attalias Sync="TRUE">AGENCY_IN</attalias><attrtype Sync="TRUE">String</attrtype><attwidth Sync="TRUE">254</attwidth><attrdef>NYC Agency</attrdef></attr><attr><attrlabl Sync="TRUE">SERVICECTR</attrlabl><attalias Sync="TRUE">SERVICECTR</attalias><attrtype Sync="TRUE">String</attrtype><attwidth Sync="TRUE">254</attwidth><attrdef>NYC DOHMH Service Center</attrdef></attr><attr><attrlabl Sync="TRUE">ADDRESS_IN</attrlabl><attalias Sync="TRUE">ADDRESS_IN</attalias><attrtype Sync="TRUE">String</attrtype><attwidth Sync="TRUE">254</attwidth><attrdef>Address</attrdef></attr><attr><attrlabl Sync="TRUE">ADDRESS2_I</attrlabl><attalias Sync="TRUE">ADDRESS2_I</attalias><attrtype Sync="TRUE">String</attrtype><attwidth Sync="TRUE">254</attwidth><attrdef>Address2</attrdef></attr><attr><attrlabl Sync="TRUE">CITY_IN</attrlabl><attalias Sync="TRUE">CITY_IN</attalias><attrtype Sync="TRUE">String</attrtype><attwidth Sync="TRUE">254</attwidth><attrdef>City</attrdef></attr><attr><attrlabl Sync="TRUE">BOROUGH_IN</attrlabl><attalias Sync="TRUE">BOROUGH_IN</attalias><attrtype Sync="TRUE">String</attrtype><attwidth Sync="TRUE">254</attwidth><attrdef>Borough Name</attrdef></attr><attr><attrlabl Sync="TRUE">STATE_IN</attrlabl><attalias Sync="TRUE">STATE_IN</attalias><attrtype Sync="TRUE">String</attrtype><attwidth Sync="TRUE">254</attwidth><attrdef>State</attrdef></attr><attr><attrlabl Sync="TRUE">ZIP_IN</attrlabl><attalias Sync="TRUE">ZIP_IN</attalias><attrtype Sync="TRUE">String</attrtype><attwidth Sync="TRUE">254</attwidth><attrdef>ZIP Code</attrdef></attr><attr><attrlabl Sync="TRUE">PHONE_IN</attrlabl><attalias Sync="TRUE">PHONE_IN</attalias><attrtype Sync="TRUE">String</attrtype><attwidth Sync="TRUE">254</attwidth><attrdef>Phone Number</attrdef></attr><attr><attrlabl Sync="TRUE">FAX_IN</attrlabl><attalias Sync="TRUE">FAX_IN</attalias><attrtype Sync="TRUE">String</attrtype><attwidth Sync="TRUE">254</attwidth><attrdef>Fax Number</attrdef></attr><attr><attrlabl Sync="TRUE">HOURS_IN</attrlabl><attalias Sync="TRUE">HOURS_IN</attalias><attrtype Sync="TRUE">String</attrtype><attwidth Sync="TRUE">254</attwidth><attrdef>Service Center hours of operation.  </attrdef><attrvai><attrva>Please verify hours on www.nyc.gov/health</attrva></attrvai></attr></detailed></eainfo><mdDateSt Sync="TRUE">20091222</mdDateSt><dataqual><lineage><procstep><procdesc Sync="TRUE">Dataset copied.</procdesc><srcused Sync="TRUE">Q:\GIS\NYC_Projects_09\Data_Request\2009.06_ServiceCenters\Customer_Service_Ctrs_DOHMH_2009B</srcused><procdate Sync="TRUE">20091222</procdate><proctime Sync="TRUE">11572500</proctime></procstep></lineage></dataqual></metadata>
