<?xml version="1.0"?>
<!--<!DOCTYPE metadata SYSTEM "http://www.esri.com/metadata/esriprof80.dtd">-->
<metadata xml:lang="en"><Esri><MetaID>{CF4C6381-2660-4794-BC12-5DE0AE08A539}</MetaID><CreaDate>20081230</CreaDate><CreaTime>10194500</CreaTime><SyncOnce>FALSE</SyncOnce><SyncDate>20081231</SyncDate><SyncTime>13522800</SyncTime><ModDate>20081231</ModDate><ModTime>13522800</ModTime></Esri><idinfo><native Sync="TRUE">Microsoft Windows XP Version 5.1 (Build 2600) Service Pack 2; ESRI ArcCatalog 9.2.2.1350</native><descript><langdata Sync="TRUE">en</langdata><abstract>PLEASE NOTE: Zeros should be interpreted as null values. This data includes supplemental information necessary for correct interpretation, available in the attribute detail of this document.  

Provides United Hospital Fund boundaries and age-adjusted rates for a number of health topics covering the following health topics: general health status, health care access, cardiovascular health, diabetes, asthma, immunizations, mental health, smoking, second-hand smoke, obesity, commuting patterns, physical activity, cancer screening, HIV, sexual behavior, birth control, drug use, and domestic violence.</abstract><purpose>CHS 2007 had 51 select survey measures, covering the following health topics: general physical and mental health; weight, exercise, nutrion; access to health care; blood pressure and cholesterol; cancer screening; cigarette smoking and alcohol; depression; asthma; HIV testing; sexual behavior and orientation; diabetes; vaccination; and environmental health.</purpose><supplinf>For more information, please see: http://www.nyc.gov/html/doh/html/survey/survey.shtml</supplinf></descript><citation><citeinfo><origin>New York City Department of Health and Mental Hygiene</origin><pubdate>2008</pubdate><title>Community Health Survey 2007</title><ftname Sync="TRUE">CHS_2007_DOHMH_2008</ftname><geoform Sync="TRUE">vector digital data</geoform><onlink>x</onlink><onlink>http://www.nyc.gov/html/doh/html/community/community-zip.shtml</onlink><edition>2007</edition><othercit>New York City Department of Health and Mental Hygiene. Epiquery: NYC Interactive Health Data System. [DATE VIEWED HERE]. http://nyc.gov/health/epiquery 
</othercit></citeinfo></citation><timeperd><current>2007</current><timeinfo><sngdate><caldate>2007</caldate></sngdate></timeinfo></timeperd><status><progress>Complete</progress><update>As needed</update></status><spdom><bounding><westbc Sync="TRUE">-74.257465</westbc><eastbc Sync="TRUE">-73.699477</eastbc><northbc Sync="TRUE">40.915808</northbc><southbc Sync="TRUE">40.495805</southbc></bounding><lboundng><leftbc Sync="TRUE">913090.772267</leftbc><rightbc Sync="TRUE">1067309.915579</rightbc><bottombc Sync="TRUE">120053.530052</bottombc><topbc Sync="TRUE">272932.041298</topbc></lboundng></spdom><keywords><theme><themekt>DOHMH</themekt><themekey>New York City</themekey><themekey>health</themekey><themekey>Community Health Survey</themekey><themekey>indicator</themekey><themekey>2007</themekey></theme></keywords><accconst>Please see: http://www.nyc.gov/html/doh/html/survey/survey.shtml</accconst><useconst>Map titles, notes, and footnotes should correspond with supplemental information provided in separate XLS spreadsheet for CHS year. Map variables are reported with one decimal. Zeros represent null values and should be interpreted as null values.   Varialbes flagged as unreliable (i.e. Aircon2_r = 1) should be marked / hatched on the map as unreliable.  Variables flagged as suppressed (i.e. Aircon2_s = 1) should appear as having no data (i.e. blank areas) on the map.</useconst><natvform Sync="TRUE">Shapefile</natvform><ptcontac><cntinfo><cntorgp><cntorg>Bureau of Epi Services, NYC Dept. Health and Mental Hygiene</cntorg></cntorgp><cntaddr><address>125 Worth Street</address><city>New York</city><state>NY</state><postal>10013</postal><country>US</country></cntaddr><cntvoice>212-788-4219</cntvoice></cntinfo></ptcontac><datacred>Bureau Epidemiology Services, NYC DOHMH</datacred></idinfo><dataIdInfo><envirDesc Sync="TRUE">Microsoft Windows XP Version 5.1 (Build 2600) Service Pack 2; ESRI ArcCatalog 9.2.2.1350</envirDesc><dataLang><languageCode Sync="TRUE" value="en"></languageCode></dataLang><idCitation><resTitle Sync="TRUE">CHS_2007_DOHMH_2008</resTitle><presForm><PresFormCd Sync="TRUE" value="005"></PresFormCd></presForm></idCitation><spatRpType><SpatRepTypCd Sync="TRUE" value="001"></SpatRepTypCd></spatRpType><dataExt><geoEle><GeoBndBox esriExtentType="native"><westBL Sync="TRUE">913090.772267</westBL><eastBL Sync="TRUE">1067309.915579</eastBL><northBL Sync="TRUE">272932.041298</northBL><southBL Sync="TRUE">120053.530052</southBL><exTypeCode Sync="TRUE">1</exTypeCode></GeoBndBox></geoEle></dataExt><geoBox esriExtentType="decdegrees"><westBL Sync="TRUE">-74.257465</westBL><eastBL Sync="TRUE">-73.699477</eastBL><northBL Sync="TRUE">40.915808</northBL><southBL Sync="TRUE">40.495805</southBL><exTypeCode Sync="TRUE">1</exTypeCode></geoBox></dataIdInfo><metainfo><langmeta Sync="TRUE">en</langmeta><metstdn Sync="TRUE">FGDC Content Standards for Digital Geospatial Metadata</metstdn><metstdv Sync="TRUE">FGDC-STD-001-1998</metstdv><mettc Sync="TRUE">local time</mettc><metc><cntinfo><cntorgp><cntper>Chris Goranson</cntper><cntorg>GIS Center - Bureau Epi Services, NYC DOHMH</cntorg></cntorgp><cntaddr><city>New York</city><state>NY</state><postal>10013</postal><address>125 Worth Street</address></cntaddr><cntvoice>21788-2221</cntvoice></cntinfo></metc><metd Sync="TRUE">20081231</metd><metextns><onlink Sync="TRUE">http://www.esri.com/metadata/esriprof80.html</onlink><metprof Sync="TRUE">ESRI Metadata Profile</metprof></metextns></metainfo><mdLang><languageCode Sync="TRUE" value="en"></languageCode></mdLang><mdStanName Sync="TRUE">ISO 19115 Geographic Information - Metadata</mdStanName><mdStanVer Sync="TRUE">DIS_ESRI1.0</mdStanVer><mdChar><CharSetCd Sync="TRUE" value="004"></CharSetCd></mdChar><mdHrLv><ScopeCd Sync="TRUE" value="005"></ScopeCd></mdHrLv><mdHrLvName Sync="TRUE">dataset</mdHrLvName><distinfo><resdesc Sync="TRUE">Downloadable Data</resdesc><stdorder><digform><digtinfo><transize Sync="TRUE">0.242</transize><dssize Sync="TRUE">0.242</dssize></digtinfo></digform></stdorder></distinfo><distInfo><distributor><distorTran><onLineSrc><orDesc Sync="TRUE">002</orDesc><linkage Sync="TRUE">file://\\SAS125WIT112\EPISAS\GIS\NYC_Projects_08\Data\CHS\CHS_2007_DOHMH_2008.shp</linkage><protocol Sync="TRUE">Local Area Network</protocol></onLineSrc><transSize Sync="TRUE">0.242</transSize></distorTran><distorFormat><formatName Sync="TRUE">Shapefile</formatName></distorFormat></distributor></distInfo><spdoinfo><direct Sync="TRUE">Vector</direct><ptvctinf><esriterm Name="CHS_2007_DOHMH_2008"><efeatyp Sync="TRUE">Simple</efeatyp><efeageom Sync="TRUE">Polygon</efeageom><esritopo Sync="TRUE">FALSE</esritopo><efeacnt Sync="TRUE">35</efeacnt><spindex Sync="TRUE">TRUE</spindex><linrefer Sync="TRUE">FALSE</linrefer></esriterm><sdtsterm Name="CHS_2007_DOHMH_2008"><sdtstype Sync="TRUE">G-polygon</sdtstype><ptvctcnt Sync="TRUE">35</ptvctcnt></sdtsterm></ptvctinf></spdoinfo><spref><horizsys><cordsysn><geogcsn Sync="TRUE">GCS_North_American_1983</geogcsn><projcsn Sync="TRUE">NAD_1983_StatePlane_New_York_Long_Island_FIPS_3104_Feet</projcsn></cordsysn><planar><planci><plance Sync="TRUE">coordinate pair</plance><plandu Sync="TRUE">survey feet</plandu><coordrep><absres Sync="TRUE">0.000000</absres><ordres Sync="TRUE">0.000000</ordres></coordrep></planci><mapproj><mapprojn Sync="TRUE">Lambert Conformal Conic</mapprojn><lambertc><stdparll Sync="TRUE">40.666667</stdparll><stdparll Sync="TRUE">41.033333</stdparll><longcm Sync="TRUE">-74.000000</longcm><latprjo Sync="TRUE">40.166667</latprjo><feast Sync="TRUE">984250.000000</feast><fnorth Sync="TRUE">0.000000</fnorth></lambertc></mapproj></planar><geodetic><horizdn Sync="TRUE">North American Datum of 1983</horizdn><ellips Sync="TRUE">Geodetic Reference System 80</ellips><semiaxis Sync="TRUE">6378137.000000</semiaxis><denflat Sync="TRUE">298.257222</denflat></geodetic></horizsys></spref><refSysInfo><RefSystem><refSysID><identCode Sync="TRUE">NAD_1983_StatePlane_New_York_Long_Island_FIPS_3104_Feet</identCode></refSysID></RefSystem></refSysInfo><spatRepInfo><VectSpatRep><topLvl><TopoLevCd Sync="TRUE" value="001"></TopoLevCd></topLvl><geometObjs Name="CHS_2007_DOHMH_2008"><geoObjTyp><GeoObjTypCd Sync="TRUE" value="001"></GeoObjTypCd></geoObjTyp><geoObjCnt Sync="TRUE">35</geoObjCnt></geometObjs></VectSpatRep></spatRepInfo><eainfo><detailed Name="CHS_2007_DOHMH_2008"><enttyp><enttypl Sync="TRUE">CHS_2007_DOHMH_2008</enttypl><enttypt Sync="TRUE">Feature Class</enttypt><enttypc Sync="TRUE">35</enttypc><enttypd>Community Health Survey variables (age-adjusted)</enttypd><enttypds>Most health outcomes and behaviors are related to age. Epidemiologists use age adjustment to compare the attributes of two or more groups whose age distributions may be different.  For more infomration, visit http://www.nyc.gov/html/doh/html/episrv/episrv-faq-eq.shtml#11  </enttypds></enttyp><attr><attrlabl Sync="TRUE">FID</attrlabl><attalias Sync="TRUE">FID</attalias><attrtype Sync="TRUE">OID</attrtype><attwidth Sync="TRUE">4</attwidth><atprecis Sync="TRUE">0</atprecis><attscale Sync="TRUE">0</attscale><attrdef Sync="TRUE">Internal feature number.</attrdef><attrdefs Sync="TRUE">ESRI</attrdefs><attrdomv><udom Sync="TRUE">Sequential unique whole numbers that are automatically generated.</udom></attrdomv></attr><attr><attrlabl Sync="TRUE">Shape</attrlabl><attalias Sync="TRUE">Shape</attalias><attrtype Sync="TRUE">Geometry</attrtype><attwidth Sync="TRUE">0</attwidth><atprecis Sync="TRUE">0</atprecis><attscale Sync="TRUE">0</attscale><attrdef Sync="TRUE">Feature geometry.</attrdef><attrdefs Sync="TRUE">ESRI</attrdefs><attrdomv><udom Sync="TRUE">Coordinates defining the features.</udom></attrdomv></attr><attr><attrlabl Sync="TRUE">OBJECTID</attrlabl><attalias Sync="TRUE">OBJECTID</attalias><attrtype Sync="TRUE">Number</attrtype><attwidth Sync="TRUE">10</attwidth></attr><attr><attrlabl Sync="TRUE">UHF34_CODE</attrlabl><attalias Sync="TRUE">UHF34_CODE</attalias><attrtype Sync="TRUE">Number</attrtype><attwidth Sync="TRUE">10</attwidth><attrdef>UHF Code</attrdef></attr><attr><attrlabl Sync="TRUE">BOROUGH</attrlabl><attalias Sync="TRUE">BOROUGH</attalias><attrtype Sync="TRUE">String</attrtype><attwidth Sync="TRUE">16</attwidth><attrdef>NYC Borough</attrdef></attr><attr><attrlabl Sync="TRUE">UHF_NAME</attrlabl><attalias Sync="TRUE">UHF_NAME</attalias><attrtype Sync="TRUE">String</attrtype><attwidth Sync="TRUE">50</attwidth><attrdef>UHF Name</attrdef></attr><attr><attrlabl Sync="TRUE">OID_</attrlabl><attalias Sync="TRUE">OID_</attalias><attrtype Sync="TRUE">Number</attrtype><attwidth Sync="TRUE">9</attwidth></attr><attr><attrlabl Sync="TRUE">UHFNEW_</attrlabl><attalias Sync="TRUE">UHFNEW_</attalias><attrtype Sync="TRUE">String</attrtype><attwidth Sync="TRUE">38</attwidth><attrdef>UHF alternate, or updated name</attrdef></attr><attr><attrlabl Sync="TRUE">UHF_CODE</attrlabl><attalias Sync="TRUE">UHF_CODE</attalias><attrtype Sync="TRUE">Number</attrtype><attwidth Sync="TRUE">11</attwidth><attrdef>UHF Code</attrdef></attr><attr><attrlabl Sync="TRUE">AIRCON2</attrlabl><attalias Sync="TRUE">AIRCON2</attalias><attrtype Sync="TRUE">Number</attrtype><attwidth Sync="TRUE">7</attwidth><atnumdec Sync="TRUE">1</atnumdec><attrdef>Air conditioner in home</attrdef><attrdefs>The exact survey question was: Do you have a functioning air conditioner in any room of your home?</attrdefs></attr><attr><attrlabl Sync="TRUE">AIRCON2_R</attrlabl><attalias Sync="TRUE">AIRCON2_R</attalias><attrtype Sync="TRUE">Number</attrtype><attwidth Sync="TRUE">8</attwidth><atnumdec Sync="TRUE">1</atnumdec><attrdef>reliability indicator; 1 if UHF needs to be marked/hatched as unreliable, 0 otherwise</attrdef></attr><attr><attrlabl Sync="TRUE">AIRCON2_S</attrlabl><attalias Sync="TRUE">AIRCON2_S</attalias><attrtype Sync="TRUE">Number</attrtype><attwidth Sync="TRUE">9</attwidth><atnumdec Sync="TRUE">1</atnumdec><attrdef>suppression indicator; 1 if UHF needs to be suppressed/blanked, 0 otherwise</attrdef></attr><attr><attrlabl Sync="TRUE">ASTHEV2</attrlabl><attalias Sync="TRUE">ASTHEV2</attalias><attrtype Sync="TRUE">Number</attrtype><attwidth Sync="TRUE">7</attwidth><atnumdec Sync="TRUE">1</atnumdec><attrdef>Asthma ever</attrdef><attrdefs>The exact survey question was: Have you ever been told by a doctor, nurse or other health professional that you had asthma?</attrdefs></attr><attr><attrlabl Sync="TRUE">ASTHEV2_R</attrlabl><attalias Sync="TRUE">ASTHEV2_R</attalias><attrtype Sync="TRUE">Number</attrtype><attwidth Sync="TRUE">9</attwidth><atnumdec Sync="TRUE">1</atnumdec><attrdef>reliability indicator; 1 if UHF needs to be marked/hatched as unreliable, 0 otherwise</attrdef></attr><attr><attrlabl Sync="TRUE">ASTHEV2_S</attrlabl><attalias Sync="TRUE">ASTHEV2_S</attalias><attrtype Sync="TRUE">Number</attrtype><attwidth Sync="TRUE">9</attwidth><atnumdec Sync="TRUE">1</atnumdec><attrdef>suppression indicator; 1 if UHF needs to be suppressed/blanked, 0 otherwise</attrdef></attr><attr><attrlabl Sync="TRUE">BMICAT3</attrlabl><attalias Sync="TRUE">BMICAT3</attalias><attrtype Sync="TRUE">Number</attrtype><attwidth Sync="TRUE">7</attwidth><atnumdec Sync="TRUE">1</atnumdec><attrdef>Overweight and Obesity</attrdef><attrdefs>Body Mass Index (BMI) is calculated based on respondents' self-reported weight and height.  A BMI between 25.0 and 29.9 is classified as overweight, and a BMI of 30 or greater is classified as obese.</attrdefs></attr><attr><attrlabl Sync="TRUE">BMICAT3_R</attrlabl><attalias Sync="TRUE">BMICAT3_R</attalias><attrtype Sync="TRUE">Number</attrtype><attwidth Sync="TRUE">9</attwidth><atnumdec Sync="TRUE">1</atnumdec><attrdef>reliability indicator; 1 if UHF needs to be marked/hatched as unreliable, 0 otherwise</attrdef></attr><attr><attrlabl Sync="TRUE">BMICAT3_S</attrlabl><attalias Sync="TRUE">BMICAT3_S</attalias><attrtype Sync="TRUE">Number</attrtype><attwidth Sync="TRUE">9</attwidth><atnumdec Sync="TRUE">1</atnumdec><attrdef>suppression indicator; 1 if UHF needs to be suppressed/blanked, 0 otherwise</attrdef></attr><attr><attrlabl Sync="TRUE">BPHIGH2</attrlabl><attalias Sync="TRUE">BPHIGH2</attalias><attrtype Sync="TRUE">Number</attrtype><attwidth Sync="TRUE">7</attwidth><atnumdec Sync="TRUE">1</atnumdec><attrdef>High blood pressure ever</attrdef><attrdefs>The exact survey question was: Have you ever been told by a doctor, nurse or other health professional that you have hypertension, also called high blood pressure?</attrdefs></attr><attr><attrlabl Sync="TRUE">BPHIGH2_R</attrlabl><attalias Sync="TRUE">BPHIGH2_R</attalias><attrtype Sync="TRUE">Number</attrtype><attwidth Sync="TRUE">9</attwidth><atnumdec Sync="TRUE">1</atnumdec><attrdef>reliability indicator; 1 if UHF needs to be marked/hatched as unreliable, 0 otherwise</attrdef></attr><attr><attrlabl Sync="TRUE">BPHIGH2_S</attrlabl><attalias Sync="TRUE">BPHIGH2_S</attalias><attrtype Sync="TRUE">Number</attrtype><attwidth Sync="TRUE">9</attwidth><atnumdec Sync="TRUE">1</atnumdec><attrdef>suppression indicator; 1 if UHF needs to be suppressed/blanked, 0 otherwise</attrdef></attr><attr><attrlabl Sync="TRUE">BPMEDS2</attrlabl><attalias Sync="TRUE">BPMEDS2</attalias><attrtype Sync="TRUE">Number</attrtype><attwidth Sync="TRUE">8</attwidth><atnumdec Sync="TRUE">1</atnumdec><attrdef>Current blood pressure medication</attrdef><attrdefs>The exact survey question was:Are you currently taking medication for your high blood pressure?</attrdefs><attrvai><attrva>Noted</attrva><attrvae>Results restricted to adults who had ever been told they had high blood pressure.</attrvae></attrvai></attr><attr><attrlabl Sync="TRUE">BPMEDS2_R</attrlabl><attalias Sync="TRUE">BPMEDS2_R</attalias><attrtype Sync="TRUE">Number</attrtype><attwidth Sync="TRUE">10</attwidth><atnumdec Sync="TRUE">1</atnumdec><attrdef>reliability indicator; 1 if UHF needs to be marked/hatched as unreliable, 0 otherwise</attrdef></attr><attr><attrlabl Sync="TRUE">BPMEDS2_S</attrlabl><attalias Sync="TRUE">BPMEDS2_S</attalias><attrtype Sync="TRUE">Number</attrtype><attwidth Sync="TRUE">10</attwidth><atnumdec Sync="TRUE">1</atnumdec><attrdef>suppression indicator; 1 if UHF needs to be suppressed/blanked, 0 otherwise</attrdef></attr><attr><attrlabl Sync="TRUE">CHOLHI2</attrlabl><attalias Sync="TRUE">CHOLHI2</attalias><attrtype Sync="TRUE">Number</attrtype><attwidth Sync="TRUE">7</attwidth><atnumdec Sync="TRUE">1</atnumdec><attrdef>High cholesterol ever</attrdef><attrdefs>The exact survey question was:  Have you ever been told by a doctor, nurse or other health professional that your blood cholesterol is high?</attrdefs></attr><attr><attrlabl Sync="TRUE">CHOLHI2_R</attrlabl><attalias Sync="TRUE">CHOLHI2_R</attalias><attrtype Sync="TRUE">Number</attrtype><attwidth Sync="TRUE">8</attwidth><atnumdec Sync="TRUE">1</atnumdec><attrdef>reliability indicator; 1 if UHF needs to be marked/hatched as unreliable, 0 otherwise</attrdef></attr><attr><attrlabl Sync="TRUE">CHOLHI2_S</attrlabl><attalias Sync="TRUE">CHOLHI2_S</attalias><attrtype Sync="TRUE">Number</attrtype><attwidth Sync="TRUE">9</attwidth><atnumdec Sync="TRUE">1</atnumdec><attrdef>suppression indicator; 1 if UHF needs to be suppressed/blanked, 0 otherwise</attrdef></attr><attr><attrlabl Sync="TRUE">CHOLSC2</attrlabl><attalias Sync="TRUE">CHOLSC2</attalias><attrtype Sync="TRUE">Number</attrtype><attwidth Sync="TRUE">7</attwidth><atnumdec Sync="TRUE">1</atnumdec><attrdef>Cholesterol screening</attrdef><attrdefs>Timely cholesterol screening is defined as having had a blood cholesterol test in the past 5 years.</attrdefs></attr><attr><attrlabl Sync="TRUE">CHOLSC2_R</attrlabl><attalias Sync="TRUE">CHOLSC2_R</attalias><attrtype Sync="TRUE">Number</attrtype><attwidth Sync="TRUE">9</attwidth><atnumdec Sync="TRUE">1</atnumdec><attrdef>reliability indicator; 1 if UHF needs to be marked/hatched as unreliable, 0 otherwise</attrdef></attr><attr><attrlabl Sync="TRUE">CHOLSC2_S</attrlabl><attalias Sync="TRUE">CHOLSC2_S</attalias><attrtype Sync="TRUE">Number</attrtype><attwidth Sync="TRUE">9</attwidth><atnumdec Sync="TRUE">1</atnumdec><attrdef>suppression indicator; 1 if UHF needs to be suppressed/blanked, 0 otherwise</attrdef></attr><attr><attrlabl Sync="TRUE">CONDHT2</attrlabl><attalias Sync="TRUE">CONDHT2</attalias><attrtype Sync="TRUE">Number</attrtype><attwidth Sync="TRUE">7</attwidth><atnumdec Sync="TRUE">1</atnumdec><attrdef>Condom use at last sex (opposite-sex partners)</attrdef><attrdefs>The exact survey question was:  The last time you had sex, did you use a condom?</attrdefs><attrvai><attrva>Noted</attrva><attrvae>Results restricted to adults with at least one opposite-sex sex partner in the past year.</attrvae></attrvai></attr><attr><attrlabl Sync="TRUE">CONDHT2_R</attrlabl><attalias Sync="TRUE">CONDHT2_R</attalias><attrtype Sync="TRUE">Number</attrtype><attwidth Sync="TRUE">9</attwidth><atnumdec Sync="TRUE">1</atnumdec><attrdef>reliability indicator; 1 if UHF needs to be marked/hatched as unreliable, 0 otherwise</attrdef></attr><attr><attrlabl Sync="TRUE">CONDHT2_S</attrlabl><attalias Sync="TRUE">CONDHT2_S</attalias><attrtype Sync="TRUE">Number</attrtype><attwidth Sync="TRUE">9</attwidth><atnumdec Sync="TRUE">1</atnumdec><attrdef>suppression indicator; 1 if UHF needs to be suppressed/blanked, 0 otherwise</attrdef></attr><attr><attrlabl Sync="TRUE">COTEST2</attrlabl><attalias Sync="TRUE">COTEST2</attalias><attrtype Sync="TRUE">Number</attrtype><attwidth Sync="TRUE">7</attwidth><atnumdec Sync="TRUE">1</atnumdec><attrdef>Colon cancer screening (colonoscopy)</attrdef><attrdefs>Timely colon cancer screening is defined as having had a colonoscopy in the past 10 years.</attrdefs><attrvai><attrva>Noted</attrva><attrvae>Results restricted to adults aged 50 and older.</attrvae></attrvai></attr><attr><attrlabl Sync="TRUE">COTEST2_R</attrlabl><attalias Sync="TRUE">COTEST2_R</attalias><attrtype Sync="TRUE">Number</attrtype><attwidth Sync="TRUE">8</attwidth><atnumdec Sync="TRUE">1</atnumdec><attrdef>reliability indicator; 1 if UHF needs to be marked/hatched as unreliable, 0 otherwise</attrdef></attr><attr><attrlabl Sync="TRUE">COTEST2_S</attrlabl><attalias Sync="TRUE">COTEST2_S</attalias><attrtype Sync="TRUE">Number</attrtype><attwidth Sync="TRUE">9</attwidth><atnumdec Sync="TRUE">1</atnumdec><attrdef>suppression indicator; 1 if UHF needs to be suppressed/blanked, 0 otherwise</attrdef></attr><attr><attrlabl Sync="TRUE">CYCLEU4</attrlabl><attalias Sync="TRUE">CYCLEU4</attalias><attrtype Sync="TRUE">Number</attrtype><attwidth Sync="TRUE">7</attwidth><atnumdec Sync="TRUE">1</atnumdec><attrdef>Rode bicycle in past year</attrdef><attrdefs>The exact survey question was:  In the past 12 months, how often have you ridden a bicycle in one of the five boroughs of New York City?</attrdefs></attr><attr><attrlabl Sync="TRUE">CYCLEU4_R</attrlabl><attalias Sync="TRUE">CYCLEU4_R</attalias><attrtype Sync="TRUE">Number</attrtype><attwidth Sync="TRUE">9</attwidth><atnumdec Sync="TRUE">1</atnumdec><attrdef>reliability indicator; 1 if UHF needs to be marked/hatched as unreliable, 0 otherwise</attrdef></attr><attr><attrlabl Sync="TRUE">CYCLEU4_S</attrlabl><attalias Sync="TRUE">CYCLEU4_S</attalias><attrtype Sync="TRUE">Number</attrtype><attwidth Sync="TRUE">9</attwidth><atnumdec Sync="TRUE">1</atnumdec><attrdef>suppression indicator; 1 if UHF needs to be suppressed/blanked, 0 otherwise</attrdef></attr><attr><attrlabl Sync="TRUE">DENTAL3</attrlabl><attalias Sync="TRUE">DENTAL3</attalias><attrtype Sync="TRUE">Number</attrtype><attwidth Sync="TRUE">7</attwidth><atnumdec Sync="TRUE">1</atnumdec><attrdef>Last dental visit</attrdef><attrdefs>The exact survey question was:  How long ago was your most recent visit to a dental care provider?</attrdefs></attr><attr><attrlabl Sync="TRUE">DENTAL3_R</attrlabl><attalias Sync="TRUE">DENTAL3_R</attalias><attrtype Sync="TRUE">Number</attrtype><attwidth Sync="TRUE">8</attwidth><atnumdec Sync="TRUE">1</atnumdec><attrdef>reliability indicator; 1 if UHF needs to be marked/hatched as unreliable, 0 otherwise</attrdef></attr><attr><attrlabl Sync="TRUE">DENTAL3_S</attrlabl><attalias Sync="TRUE">DENTAL3_S</attalias><attrtype Sync="TRUE">Number</attrtype><attwidth Sync="TRUE">9</attwidth><atnumdec Sync="TRUE">1</atnumdec><attrdef>suppression indicator; 1 if UHF needs to be suppressed/blanked, 0 otherwise</attrdef></attr><attr><attrlabl Sync="TRUE">DEPRES2</attrlabl><attalias Sync="TRUE">DEPRES2</attalias><attrtype Sync="TRUE">Number</attrtype><attwidth Sync="TRUE">7</attwidth><atnumdec Sync="TRUE">1</atnumdec><attrdef>History of depression</attrdef><attrdefs>The exact survey question was:  Have you ever been told by a doctor, nurse or other health professional that you have depression?</attrdefs></attr><attr><attrlabl Sync="TRUE">DEPRES2_R</attrlabl><attalias Sync="TRUE">DEPRES2_R</attalias><attrtype Sync="TRUE">Number</attrtype><attwidth Sync="TRUE">9</attwidth><atnumdec Sync="TRUE">1</atnumdec><attrdef>reliability indicator; 1 if UHF needs to be marked/hatched as unreliable, 0 otherwise</attrdef></attr><attr><attrlabl Sync="TRUE">DEPRES2_S</attrlabl><attalias Sync="TRUE">DEPRES2_S</attalias><attrtype Sync="TRUE">Number</attrtype><attwidth Sync="TRUE">9</attwidth><atnumdec Sync="TRUE">1</atnumdec><attrdef>suppression indicator; 1 if UHF needs to be suppressed/blanked, 0 otherwise</attrdef></attr><attr><attrlabl Sync="TRUE">DIABET2</attrlabl><attalias Sync="TRUE">DIABET2</attalias><attrtype Sync="TRUE">Number</attrtype><attwidth Sync="TRUE">7</attwidth><atnumdec Sync="TRUE">1</atnumdec><attrdef>Diabetes ever</attrdef><attrdefs>The exact survey question was:  Have you ever been told by a doctor, nurse or other health professional that you have diabetes?</attrdefs><attrvai><attrva>Noted</attrva><attrvae>Women who had diabetes only while pregnant are included in 'no' category.</attrvae></attrvai></attr><attr><attrlabl Sync="TRUE">DIABET2_R</attrlabl><attalias Sync="TRUE">DIABET2_R</attalias><attrtype Sync="TRUE">Number</attrtype><attwidth Sync="TRUE">8</attwidth><atnumdec Sync="TRUE">1</atnumdec><attrdef>reliability indicator; 1 if UHF needs to be marked/hatched as unreliable, 0 otherwise</attrdef></attr><attr><attrlabl Sync="TRUE">DIABET2_S</attrlabl><attalias Sync="TRUE">DIABET2_S</attalias><attrtype Sync="TRUE">Number</attrtype><attwidth Sync="TRUE">9</attwidth><atnumdec Sync="TRUE">1</atnumdec><attrdef>suppression indicator; 1 if UHF needs to be suppressed/blanked, 0 otherwise</attrdef></attr><attr><attrlabl Sync="TRUE">EXERCS3</attrlabl><attalias Sync="TRUE">EXERCS3</attalias><attrtype Sync="TRUE">Number</attrtype><attwidth Sync="TRUE">7</attwidth><atnumdec Sync="TRUE">1</atnumdec><attrdef>Physical activity level</attrdef><attrdefs>Physical activity categories are based on respondents' self-reported time spent doing moderate and vigorous exercise, compared to Healthy People (HP) 2010 recommended levels.</attrdefs><attrvai><attrva>Noted</attrva><attrvae>HP2010 physical activity recommendations for adults: 5 or more moderate sessions lasting at least 30 minutes each, or 3 or more vigorous sessions lasting at least 20 minutes each.</attrvae></attrvai></attr><attr><attrlabl Sync="TRUE">EXERCS3_R</attrlabl><attalias Sync="TRUE">EXERCS3_R</attalias><attrtype Sync="TRUE">Number</attrtype><attwidth Sync="TRUE">9</attwidth><atnumdec Sync="TRUE">1</atnumdec><attrdef>reliability indicator; 1 if UHF needs to be marked/hatched as unreliable, 0 otherwise</attrdef></attr><attr><attrlabl Sync="TRUE">EXERCS3_S</attrlabl><attalias Sync="TRUE">EXERCS3_S</attalias><attrtype Sync="TRUE">Number</attrtype><attwidth Sync="TRUE">9</attwidth><atnumdec Sync="TRUE">1</atnumdec><attrdef>suppression indicator; 1 if UHF needs to be suppressed/blanked, 0 otherwise</attrdef></attr><attr><attrlabl Sync="TRUE">FLUSHT2</attrlabl><attalias Sync="TRUE">FLUSHT2</attalias><attrtype Sync="TRUE">Number</attrtype><attwidth Sync="TRUE">6</attwidth><atnumdec Sync="TRUE">1</atnumdec><attrdef>Flu vaccination</attrdef><attrdefs>During the past 12 months, have you had a flu shot in your arm or a flu vaccine that was sprayed in your nose?</attrdefs><attrvai><attrva>Noted.</attrva><attrvae>Results restricted to adults aged 50 and older.</attrvae></attrvai></attr><attr><attrlabl Sync="TRUE">FLUSHT2_R</attrlabl><attalias Sync="TRUE">FLUSHT2_R</attalias><attrtype Sync="TRUE">Number</attrtype><attwidth Sync="TRUE">8</attwidth><atnumdec Sync="TRUE">1</atnumdec><attrdef>reliability indicator; 1 if UHF needs to be marked/hatched as unreliable, 0 otherwise</attrdef></attr><attr><attrlabl Sync="TRUE">FLUSHT2_S</attrlabl><attalias Sync="TRUE">FLUSHT2_S</attalias><attrtype Sync="TRUE">Number</attrtype><attwidth Sync="TRUE">8</attwidth><atnumdec Sync="TRUE">1</atnumdec><attrdef>suppression indicator; 1 if UHF needs to be suppressed/blanked, 0 otherwise</attrdef></attr><attr><attrlabl Sync="TRUE">FMDCAT2</attrlabl><attalias Sync="TRUE">FMDCAT2</attalias><attrtype Sync="TRUE">Number</attrtype><attwidth Sync="TRUE">7</attwidth><atnumdec Sync="TRUE">1</atnumdec><attrdef>Frequent mental distress</attrdef><attrdefs>Respondents who reported their mental health was 'not good' on more than 13 days in the past 30 days were considered to have 'frequent mental distress.'</attrdefs></attr><attr><attrlabl Sync="TRUE">FMDCAT2_R</attrlabl><attalias Sync="TRUE">FMDCAT2_R</attalias><attrtype Sync="TRUE">Number</attrtype><attwidth Sync="TRUE">9</attwidth><atnumdec Sync="TRUE">1</atnumdec><attrdef>reliability indicator; 1 if UHF needs to be marked/hatched as unreliable, 0 otherwise</attrdef></attr><attr><attrlabl Sync="TRUE">FMDCAT2_S</attrlabl><attalias Sync="TRUE">FMDCAT2_S</attalias><attrtype Sync="TRUE">Number</attrtype><attwidth Sync="TRUE">9</attwidth><atnumdec Sync="TRUE">1</atnumdec><attrdef>suppression indicator; 1 if UHF needs to be suppressed/blanked, 0 otherwise</attrdef></attr><attr><attrlabl Sync="TRUE">GENHLT4</attrlabl><attalias Sync="TRUE">GENHLT4</attalias><attrtype Sync="TRUE">Number</attrtype><attwidth Sync="TRUE">7</attwidth><atnumdec Sync="TRUE">1</atnumdec><attrdef>Self-reported health status</attrdef><attrdefs>The exact survey question was:  Would you say that in general your health is Excellent, Very Good, Good, Fair or Poor?</attrdefs></attr><attr><attrlabl Sync="TRUE">GENHLT4_R</attrlabl><attalias Sync="TRUE">GENHLT4_R</attalias><attrtype Sync="TRUE">Number</attrtype><attwidth Sync="TRUE">8</attwidth><atnumdec Sync="TRUE">1</atnumdec><attrdef>reliability indicator; 1 if UHF needs to be marked/hatched as unreliable, 0 otherwise</attrdef></attr><attr><attrlabl Sync="TRUE">GENHLT4_S</attrlabl><attalias Sync="TRUE">GENHLT4_S</attalias><attrtype Sync="TRUE">Number</attrtype><attwidth Sync="TRUE">9</attwidth><atnumdec Sync="TRUE">1</atnumdec><attrdef>suppression indicator; 1 if UHF needs to be suppressed/blanked, 0 otherwise</attrdef></attr><attr><attrlabl Sync="TRUE">HIVREC2</attrlabl><attalias Sync="TRUE">HIVREC2</attalias><attrtype Sync="TRUE">Number</attrtype><attwidth Sync="TRUE">6</attwidth><atnumdec Sync="TRUE">1</atnumdec><attrdef>HIV test recommended</attrdef><attrdefs>The exact survey question was:  In the past 12 months has a doctor, nurse or other health professional recommended that you have an HIV test?</attrdefs></attr><attr><attrlabl Sync="TRUE">HIVREC2_R</attrlabl><attalias Sync="TRUE">HIVREC2_R</attalias><attrtype Sync="TRUE">Number</attrtype><attwidth Sync="TRUE">8</attwidth><atnumdec Sync="TRUE">1</atnumdec><attrdef>reliability indicator; 1 if UHF needs to be marked/hatched as unreliable, 0 otherwise</attrdef></attr><attr><attrlabl Sync="TRUE">HIVREC2_S</attrlabl><attalias Sync="TRUE">HIVREC2_S</attalias><attrtype Sync="TRUE">Number</attrtype><attwidth Sync="TRUE">8</attwidth><atnumdec Sync="TRUE">1</atnumdec><attrdef>suppression indicator; 1 if UHF needs to be suppressed/blanked, 0 otherwise</attrdef></attr><attr><attrlabl Sync="TRUE">HIVTES3</attrlabl><attalias Sync="TRUE">HIVTES3</attalias><attrtype Sync="TRUE">Number</attrtype><attwidth Sync="TRUE">6</attwidth><atnumdec Sync="TRUE">1</atnumdec><attrdef>HIV testing</attrdef><attrdefs>Respondents were asked if they had ever had an HIV test and if so, when they had their last HIV test.</attrdefs></attr><attr><attrlabl Sync="TRUE">HIVTES3_R</attrlabl><attalias Sync="TRUE">HIVTES3_R</attalias><attrtype Sync="TRUE">Number</attrtype><attwidth Sync="TRUE">8</attwidth><atnumdec Sync="TRUE">1</atnumdec><attrdef>reliability indicator; 1 if UHF needs to be marked/hatched as unreliable, 0 otherwise</attrdef></attr><attr><attrlabl Sync="TRUE">HIVTES3_S</attrlabl><attalias Sync="TRUE">HIVTES3_S</attalias><attrtype Sync="TRUE">Number</attrtype><attwidth Sync="TRUE">8</attwidth><atnumdec Sync="TRUE">1</atnumdec><attrdef>suppression indicator; 1 if UHF needs to be suppressed/blanked, 0 otherwise</attrdef></attr><attr><attrlabl Sync="TRUE">INSURE5</attrlabl><attalias Sync="TRUE">INSURE5</attalias><attrtype Sync="TRUE">Number</attrtype><attwidth Sync="TRUE">7</attwidth><atnumdec Sync="TRUE">1</atnumdec><attrdef>Health insurance</attrdef><attrdefs>Respondents were asked if they were personally covered by a number of different types of health insurance, or if they had no health insurance at all.</attrdefs></attr><attr><attrlabl Sync="TRUE">INSURE5_R</attrlabl><attalias Sync="TRUE">INSURE5_R</attalias><attrtype Sync="TRUE">Number</attrtype><attwidth Sync="TRUE">8</attwidth><atnumdec Sync="TRUE">1</atnumdec><attrdef>reliability indicator; 1 if UHF needs to be marked/hatched as unreliable, 0 otherwise</attrdef></attr><attr><attrlabl Sync="TRUE">INSURE5_S</attrlabl><attalias Sync="TRUE">INSURE5_S</attalias><attrtype Sync="TRUE">Number</attrtype><attwidth Sync="TRUE">9</attwidth><atnumdec Sync="TRUE">1</atnumdec><attrdef>suppression indicator; 1 if UHF needs to be suppressed/blanked, 0 otherwise</attrdef></attr><attr><attrlabl Sync="TRUE">INSURY3</attrlabl><attalias Sync="TRUE">INSURY3</attalias><attrtype Sync="TRUE">Number</attrtype><attwidth Sync="TRUE">7</attwidth><atnumdec Sync="TRUE">1</atnumdec><attrdef>Insured all year</attrdef><attrdefs>Respondents were asked about their current insurance status and, if currently insured, whether they had been without insurance during the past year.</attrdefs></attr><attr><attrlabl Sync="TRUE">INSURY3_R</attrlabl><attalias Sync="TRUE">INSURY3_R</attalias><attrtype Sync="TRUE">Number</attrtype><attwidth Sync="TRUE">8</attwidth><atnumdec Sync="TRUE">1</atnumdec><attrdef>reliability indicator; 1 if UHF needs to be marked/hatched as unreliable, 0 otherwise</attrdef></attr><attr><attrlabl Sync="TRUE">INSURY3_S</attrlabl><attalias Sync="TRUE">INSURY3_S</attalias><attrtype Sync="TRUE">Number</attrtype><attwidth Sync="TRUE">9</attwidth><atnumdec Sync="TRUE">1</atnumdec><attrdef>suppression indicator; 1 if UHF needs to be suppressed/blanked, 0 otherwise</attrdef></attr><attr><attrlabl Sync="TRUE">ISOLAT2</attrlabl><attalias Sync="TRUE">ISOLAT2</attalias><attrtype Sync="TRUE">Number</attrtype><attwidth Sync="TRUE">6</attwidth><atnumdec Sync="TRUE">1</atnumdec><attrdef>Senior social isolation</attrdef><attrdefs>Risk for social isolation is determined by a modified version of the Lubben Social Network Scale, which asks questions about social contact with family and friends.</attrdefs><attrvai><attrva>Noted</attrva><attrvae>Results restricted to adults aged 45 and older.</attrvae></attrvai></attr><attr><attrlabl Sync="TRUE">ISOLAT2_R</attrlabl><attalias Sync="TRUE">ISOLAT2_R</attalias><attrtype Sync="TRUE">Number</attrtype><attwidth Sync="TRUE">8</attwidth><atnumdec Sync="TRUE">1</atnumdec><attrdef>reliability indicator; 1 if UHF needs to be marked/hatched as unreliable, 0 otherwise</attrdef></attr><attr><attrlabl Sync="TRUE">ISOLAT2_S</attrlabl><attalias Sync="TRUE">ISOLAT2_S</attalias><attrtype Sync="TRUE">Number</attrtype><attwidth Sync="TRUE">8</attwidth><atnumdec Sync="TRUE">1</atnumdec><attrdef>suppression indicator; 1 if UHF needs to be suppressed/blanked, 0 otherwise</attrdef></attr><attr><attrlabl Sync="TRUE">MAMTWO2</attrlabl><attalias Sync="TRUE">MAMTWO2</attalias><attrtype Sync="TRUE">Number</attrtype><attwidth Sync="TRUE">9</attwidth><atnumdec Sync="TRUE">1</atnumdec><attrdef>Breast cancer screening (mammography)</attrdef><attrdefs>Timely breast cancer screening is defined as having had a mammography in the past 2 years.</attrdefs><attrvai><attrva>Noted</attrva><attrvae>Results restricted to women aged 40 and older.</attrvae></attrvai></attr><attr><attrlabl Sync="TRUE">MAMTWO2_R</attrlabl><attalias Sync="TRUE">MAMTWO2_R</attalias><attrtype Sync="TRUE">Number</attrtype><attwidth Sync="TRUE">10</attwidth><atnumdec Sync="TRUE">1</atnumdec><attrdef>reliability indicator; 1 if UHF needs to be marked/hatched as unreliable, 0 otherwise</attrdef></attr><attr><attrlabl Sync="TRUE">MAMTWO2_S</attrlabl><attalias Sync="TRUE">MAMTWO2_S</attalias><attrtype Sync="TRUE">Number</attrtype><attwidth Sync="TRUE">11</attwidth><atnumdec Sync="TRUE">1</atnumdec><attrdef>suppression indicator; 1 if UHF needs to be suppressed/blanked, 0 otherwise</attrdef></attr><attr><attrlabl Sync="TRUE">MANCAR2</attrlabl><attalias Sync="TRUE">MANCAR2</attalias><attrtype Sync="TRUE">Number</attrtype><attwidth Sync="TRUE">8</attwidth><atnumdec Sync="TRUE">1</atnumdec><attrdef>Managed care</attrdef><attrdefs>Respondents were asked if their health insurance was a managed care plan, such as an HMO or PPO.</attrdefs><attrvai><attrva>Noted</attrva><attrvae>Results restricted to insured adults.</attrvae></attrvai></attr><attr><attrlabl Sync="TRUE">MANCAR2_R</attrlabl><attalias Sync="TRUE">MANCAR2_R</attalias><attrtype Sync="TRUE">Number</attrtype><attwidth Sync="TRUE">9</attwidth><atnumdec Sync="TRUE">1</atnumdec><attrdef>reliability indicator; 1 if UHF needs to be marked/hatched as unreliable, 0 otherwise</attrdef></attr><attr><attrlabl Sync="TRUE">MANCAR2_S</attrlabl><attalias Sync="TRUE">MANCAR2_S</attalias><attrtype Sync="TRUE">Number</attrtype><attwidth Sync="TRUE">10</attwidth><atnumdec Sync="TRUE">1</atnumdec><attrdef>suppression indicator; 1 if UHF needs to be suppressed/blanked, 0 otherwise</attrdef></attr><attr><attrlabl Sync="TRUE">MEDVIS2</attrlabl><attalias Sync="TRUE">MEDVIS2</attalias><attrtype Sync="TRUE">Number</attrtype><attwidth Sync="TRUE">7</attwidth><atnumdec Sync="TRUE">1</atnumdec><attrdef>Saw any medical provider in past year</attrdef><attrdefs>The exact survey question was:  Have you seen any doctor, nurse or other health professional in the last 12 months?</attrdefs></attr><attr><attrlabl Sync="TRUE">MEDVIS2_R</attrlabl><attalias Sync="TRUE">MEDVIS2_R</attalias><attrtype Sync="TRUE">Number</attrtype><attwidth Sync="TRUE">9</attwidth><atnumdec Sync="TRUE">1</atnumdec><attrdef>reliability indicator; 1 if UHF needs to be marked/hatched as unreliable, 0 otherwise</attrdef></attr><attr><attrlabl Sync="TRUE">MEDVIS2_S</attrlabl><attalias Sync="TRUE">MEDVIS2_S</attalias><attrtype Sync="TRUE">Number</attrtype><attwidth Sync="TRUE">9</attwidth><atnumdec Sync="TRUE">1</atnumdec><attrdef>suppression indicator; 1 if UHF needs to be suppressed/blanked, 0 otherwise</attrdef></attr><attr><attrlabl Sync="TRUE">NODENT2</attrlabl><attalias Sync="TRUE">NODENT2</attalias><attrtype Sync="TRUE">Number</attrtype><attwidth Sync="TRUE">7</attwidth><atnumdec Sync="TRUE">1</atnumdec><attrdef>Did not get needed dental care</attrdef><attrdefs>The exact survey question was:  In the last 12 months, was there any time when you needed dental care but did not get it?</attrdefs></attr><attr><attrlabl Sync="TRUE">NODENT2_R</attrlabl><attalias Sync="TRUE">NODENT2_R</attalias><attrtype Sync="TRUE">Number</attrtype><attwidth Sync="TRUE">9</attwidth><atnumdec Sync="TRUE">1</atnumdec><attrdef>reliability indicator; 1 if UHF needs to be marked/hatched as unreliable, 0 otherwise</attrdef></attr><attr><attrlabl Sync="TRUE">NODENT2_S</attrlabl><attalias Sync="TRUE">NODENT2_S</attalias><attrtype Sync="TRUE">Number</attrtype><attwidth Sync="TRUE">9</attwidth><atnumdec Sync="TRUE">1</atnumdec><attrdef>suppression indicator; 1 if UHF needs to be suppressed/blanked, 0 otherwise</attrdef></attr><attr><attrlabl Sync="TRUE">NOMEDC2</attrlabl><attalias Sync="TRUE">NOMEDC2</attalias><attrtype Sync="TRUE">Number</attrtype><attwidth Sync="TRUE">8</attwidth><atnumdec Sync="TRUE">1</atnumdec><attrdef>Did not get needed medical care</attrdef><attrdefs>The exact survey question was:  Was there a time in the past 12 months when you needed medical care, but did not get it?</attrdefs></attr><attr><attrlabl Sync="TRUE">NOMEDC2_R</attrlabl><attalias Sync="TRUE">NOMEDC2_R</attalias><attrtype Sync="TRUE">Number</attrtype><attwidth Sync="TRUE">10</attwidth><atnumdec Sync="TRUE">1</atnumdec><attrdef>reliability indicator; 1 if UHF needs to be marked/hatched as unreliable, 0 otherwise</attrdef></attr><attr><attrlabl Sync="TRUE">NOMEDC2_S</attrlabl><attalias Sync="TRUE">NOMEDC2_S</attalias><attrtype Sync="TRUE">Number</attrtype><attwidth Sync="TRUE">10</attwidth><atnumdec Sync="TRUE">1</atnumdec><attrdef>suppression indicator; 1 if UHF needs to be suppressed/blanked, 0 otherwise</attrdef></attr><attr><attrlabl Sync="TRUE">NOPRES2</attrlabl><attalias Sync="TRUE">NOPRES2</attalias><attrtype Sync="TRUE">Number</attrtype><attwidth Sync="TRUE">7</attwidth><atnumdec Sync="TRUE">1</atnumdec><attrdef>Did not get needed prescription</attrdef><attrdefs>The exact survey question was:  In the last 12 months, was there any time when you needed to fill a prescription for medicine but did not get it?</attrdefs></attr><attr><attrlabl Sync="TRUE">NOPRES2_R</attrlabl><attalias Sync="TRUE">NOPRES2_R</attalias><attrtype Sync="TRUE">Number</attrtype><attwidth Sync="TRUE">9</attwidth><atnumdec Sync="TRUE">1</atnumdec><attrdef>reliability indicator; 1 if UHF needs to be marked/hatched as unreliable, 0 otherwise</attrdef></attr><attr><attrlabl Sync="TRUE">NOPRES2_S</attrlabl><attalias Sync="TRUE">NOPRES2_S</attalias><attrtype Sync="TRUE">Number</attrtype><attwidth Sync="TRUE">9</attwidth><atnumdec Sync="TRUE">1</atnumdec><attrdef>suppression indicator; 1 if UHF needs to be suppressed/blanked, 0 otherwise</attrdef></attr><attr><attrlabl Sync="TRUE">PAPTHE2</attrlabl><attalias Sync="TRUE">PAPTHE2</attalias><attrtype Sync="TRUE">Number</attrtype><attwidth Sync="TRUE">7</attwidth><atnumdec Sync="TRUE">1</atnumdec><attrdef>Cervical cancer screening (Pap test)</attrdef><attrdefs>Timely cervical cancer screening is defined as having had a pap test in the past 3 years.</attrdefs><attrvai><attrva>Noted</attrva><attrvae>Results restricted to women.</attrvae></attrvai></attr><attr><attrlabl Sync="TRUE">PAPTHE2_R</attrlabl><attalias Sync="TRUE">PAPTHE2_R</attalias><attrtype Sync="TRUE">Number</attrtype><attwidth Sync="TRUE">9</attwidth><atnumdec Sync="TRUE">1</atnumdec><attrdef>reliability indicator; 1 if UHF needs to be marked/hatched as unreliable, 0 otherwise</attrdef></attr><attr><attrlabl Sync="TRUE">PAPTHE2_S</attrlabl><attalias Sync="TRUE">PAPTHE2_S</attalias><attrtype Sync="TRUE">Number</attrtype><attwidth Sync="TRUE">9</attwidth><atnumdec Sync="TRUE">1</atnumdec><attrdef>suppression indicator; 1 if UHF needs to be suppressed/blanked, 0 otherwise</attrdef></attr><attr><attrlabl Sync="TRUE">PCAREP2</attrlabl><attalias Sync="TRUE">PCAREP2</attalias><attrtype Sync="TRUE">Number</attrtype><attwidth Sync="TRUE">7</attwidth><atnumdec Sync="TRUE">1</atnumdec><attrdef>Personal doctor</attrdef><attrdefs>The exact survey question was:  Do you have one person or more than one person you think of as your personal doctor or health care provider?</attrdefs></attr><attr><attrlabl Sync="TRUE">PCAREP2_R</attrlabl><attalias Sync="TRUE">PCAREP2_R</attalias><attrtype Sync="TRUE">Number</attrtype><attwidth Sync="TRUE">9</attwidth><atnumdec Sync="TRUE">1</atnumdec><attrdef>reliability indicator; 1 if UHF needs to be marked/hatched as unreliable, 0 otherwise</attrdef></attr><attr><attrlabl Sync="TRUE">PCAREP2_S</attrlabl><attalias Sync="TRUE">PCAREP2_S</attalias><attrtype Sync="TRUE">Number</attrtype><attwidth Sync="TRUE">9</attwidth><atnumdec Sync="TRUE">1</atnumdec><attrdef>suppression indicator; 1 if UHF needs to be suppressed/blanked, 0 otherwise</attrdef></attr><attr><attrlabl Sync="TRUE">PCPTWM2</attrlabl><attalias Sync="TRUE">PCPTWM2</attalias><attrtype Sync="TRUE">Number</attrtype><attwidth Sync="TRUE">8</attwidth><atnumdec Sync="TRUE">1</atnumdec><attrdef>Saw personal doctor in past year</attrdef><attrdefs>The exact survey question was:  Have you seen your personal doctor or health care provider in the last 12 months?</attrdefs><attrvai><attrva>Noted</attrva><attrvae>Results restricted to adults who report having a personal provider.</attrvae></attrvai></attr><attr><attrlabl Sync="TRUE">PCPTWM2_R</attrlabl><attalias Sync="TRUE">PCPTWM2_R</attalias><attrtype Sync="TRUE">Number</attrtype><attwidth Sync="TRUE">10</attwidth><atnumdec Sync="TRUE">1</atnumdec><attrdef>reliability indicator; 1 if UHF needs to be marked/hatched as unreliable, 0 otherwise</attrdef></attr><attr><attrlabl Sync="TRUE">PCPTWM2_S</attrlabl><attalias Sync="TRUE">PCPTWM2_S</attalias><attrtype Sync="TRUE">Number</attrtype><attwidth Sync="TRUE">10</attwidth><atnumdec Sync="TRUE">1</atnumdec><attrdef>suppression indicator; 1 if UHF needs to be suppressed/blanked, 0 otherwise</attrdef></attr><attr><attrlabl Sync="TRUE">RDRINK2</attrlabl><attalias Sync="TRUE">RDRINK2</attalias><attrtype Sync="TRUE">Number</attrtype><attwidth Sync="TRUE">6</attwidth><atnumdec Sync="TRUE">1</atnumdec><attrdef>Binge drinking</attrdef><attrdefs>Binge drinking is defined as five or more drinks on one occasion in the past 30 days.</attrdefs></attr><attr><attrlabl Sync="TRUE">RDRINK2_R</attrlabl><attalias Sync="TRUE">RDRINK2_R</attalias><attrtype Sync="TRUE">Number</attrtype><attwidth Sync="TRUE">8</attwidth><atnumdec Sync="TRUE">1</atnumdec><attrdef>reliability indicator; 1 if UHF needs to be marked/hatched as unreliable, 0 otherwise</attrdef></attr><attr><attrlabl Sync="TRUE">RDRINK2_S</attrlabl><attalias Sync="TRUE">RDRINK2_S</attalias><attrtype Sync="TRUE">Number</attrtype><attwidth Sync="TRUE">8</attwidth><atnumdec Sync="TRUE">1</atnumdec><attrdef>suppression indicator; 1 if UHF needs to be suppressed/blanked, 0 otherwise</attrdef></attr><attr><attrlabl Sync="TRUE">RSMOKE3</attrlabl><attalias Sync="TRUE">RSMOKE3</attalias><attrtype Sync="TRUE">Number</attrtype><attwidth Sync="TRUE">8</attwidth><atnumdec Sync="TRUE">1</atnumdec><attrdef>Smoking status</attrdef><attrdefs>Smoking status is defined as being a current or former smoker or having smoked less than 100 cigarettes ever (never smoker).</attrdefs></attr><attr><attrlabl Sync="TRUE">RSMOKE3_R</attrlabl><attalias Sync="TRUE">RSMOKE3_R</attalias><attrtype Sync="TRUE">Number</attrtype><attwidth Sync="TRUE">9</attwidth><atnumdec Sync="TRUE">1</atnumdec><attrdef>reliability indicator; 1 if UHF needs to be marked/hatched as unreliable, 0 otherwise</attrdef></attr><attr><attrlabl Sync="TRUE">RSMOKE3_S</attrlabl><attalias Sync="TRUE">RSMOKE3_S</attalias><attrtype Sync="TRUE">Number</attrtype><attwidth Sync="TRUE">10</attwidth><atnumdec Sync="TRUE">1</atnumdec><attrdef>suppression indicator; 1 if UHF needs to be suppressed/blanked, 0 otherwise</attrdef></attr><attr><attrlabl Sync="TRUE">SMKAGE2</attrlabl><attalias Sync="TRUE">SMKAGE2</attalias><attrtype Sync="TRUE">Number</attrtype><attwidth Sync="TRUE">8</attwidth><atnumdec Sync="TRUE">1</atnumdec><attrdef>Age began smoking</attrdef><attrdefs>The exact survey question was: How old were you when you first started smoking cigarettes regularly?</attrdefs><attrvai><attrva>Noted</attrva><attrvae>Results restricted to current and former smokers.</attrvae></attrvai></attr><attr><attrlabl Sync="TRUE">SMKAGE2_R</attrlabl><attalias Sync="TRUE">SMKAGE2_R</attalias><attrtype Sync="TRUE">Number</attrtype><attwidth Sync="TRUE">10</attwidth><atnumdec Sync="TRUE">1</atnumdec><attrdef>reliability indicator; 1 if UHF needs to be marked/hatched as unreliable, 0 otherwise</attrdef></attr><attr><attrlabl Sync="TRUE">SMKAGE2_S</attrlabl><attalias Sync="TRUE">SMKAGE2_S</attalias><attrtype Sync="TRUE">Number</attrtype><attwidth Sync="TRUE">10</attwidth><atnumdec Sync="TRUE">1</atnumdec><attrdef>suppression indicator; 1 if UHF needs to be suppressed/blanked, 0 otherwise</attrdef></attr><attr><attrlabl Sync="TRUE">SODAFQ2</attrlabl><attalias Sync="TRUE">SODAFQ2</attalias><attrtype Sync="TRUE">Number</attrtype><attwidth Sync="TRUE">7</attwidth><atnumdec Sync="TRUE">1</atnumdec><attrdef>Soda consumption</attrdef><attrdefs>Respondents were asked how many sodas they drink per day on average.</attrdefs></attr><attr><attrlabl Sync="TRUE">SODAFQ2_R</attrlabl><attalias Sync="TRUE">SODAFQ2_R</attalias><attrtype Sync="TRUE">Number</attrtype><attwidth Sync="TRUE">9</attwidth><atnumdec Sync="TRUE">1</atnumdec><attrdef>reliability indicator; 1 if UHF needs to be marked/hatched as unreliable, 0 otherwise</attrdef></attr><attr><attrlabl Sync="TRUE">SODAFQ2_S</attrlabl><attalias Sync="TRUE">SODAFQ2_S</attalias><attrtype Sync="TRUE">Number</attrtype><attwidth Sync="TRUE">9</attwidth><atnumdec Sync="TRUE">1</atnumdec><attrdef>suppression indicator; 1 if UHF needs to be suppressed/blanked, 0 otherwise</attrdef></attr><attr><attrlabl Sync="TRUE">WKWORK2</attrlabl><attalias Sync="TRUE">WKWORK2</attalias><attrtype Sync="TRUE">Number</attrtype><attwidth Sync="TRUE">8</attwidth><atnumdec Sync="TRUE">1</atnumdec><attrdef>Walk/bike for transportation</attrdef><attrdefs>The exact survey question was:  Over the last 30 days, have you walked or bicycled more than 10 blocks as part of getting to and from work, school, public transportation or to do errands?</attrdefs></attr><attr><attrlabl Sync="TRUE">WKWORK2_R</attrlabl><attalias Sync="TRUE">WKWORK2_R</attalias><attrtype Sync="TRUE">Number</attrtype><attwidth Sync="TRUE">9</attwidth><atnumdec Sync="TRUE">1</atnumdec><attrdef>reliability indicator; 1 if UHF needs to be marked/hatched as unreliable, 0 otherwise</attrdef></attr><attr><attrlabl Sync="TRUE">WKWORK2_S</attrlabl><attalias Sync="TRUE">WKWORK2_S</attalias><attrtype Sync="TRUE">Number</attrtype><attwidth Sync="TRUE">10</attwidth><atnumdec Sync="TRUE">1</atnumdec><attrdef>suppression indicator; 1 if UHF needs to be suppressed/blanked, 0 otherwise</attrdef></attr></detailed></eainfo><mdDateSt Sync="TRUE">20081231</mdDateSt></metadata>
